juna_core_commit,channel,snr_db,pilot_ratio,outer_pilot_spacing,inner_pilot_spacing,code_rate,nfft,cp,frame_blocks,modem_fs,capture_fs,bandwidth_policy,requested_modem_bandwidth_hz,channel_bandwidth_hz,effective_bandwidth_hz,effective_bw,algorithm,frames,successful_frames,psr,payload_bits,bit_errors,ber,mean_decode_seconds_per_frame,capture_duration_seconds,covered_duration_seconds,effective_data_rate_bps,seed,status
f3f7d62fdb75c034854a0aed4556242847afc5e2,red1,20,0.25,8,8,0.0625,512,16,10,19200,19200,legacy_uncapped,19200,9600,19200,1,Standard OFDM,173,0,0,83213,24164,0.290387319289,0.00787987019653,47.7916666667,47.575,0,1,ok
f3f7d62fdb75c034854a0aed4556242847afc5e2,red1,20,0.25,8,8,0.0625,512,16,10,19200,19200,legacy_uncapped,19200,9600,19200,1,Partial FFT+FEC,173,0,0,83213,38409,0.461574513598,0.00825968824277,47.7916666667,47.575,0,1,ok
f3f7d62fdb75c034854a0aed4556242847afc5e2,red1,20,0.25,8,8,0.0625,512,16,10,19200,19200,legacy_uncapped,19200,9600,19200,1,JUNA-Lite,173,0,0,83213,27674,0.332568228522,0.0209274366879,47.7916666667,47.575,0,1,ok
f3f7d62fdb75c034854a0aed4556242847afc5e2,red1,20,0.25,8,8,0.0625,512,16,10,19200,19200,legacy_uncapped,19200,9600,19200,1,JUNA-Wz,173,0,0,83213,38447,0.462031173014,0.160482452468,47.7916666667,47.575,0,1,ok
f3f7d62fdb75c034854a0aed4556242847afc5e2,red1,20,0.25,8,8,0.0625,512,16,10,19200,19200,legacy_uncapped,19200,9600,19200,1,JUNA-WCz,173,0,0,83213,38263,0.459819980051,0.0862368041387,47.7916666667,47.575,0,1,ok
f3f7d62fdb75c034854a0aed4556242847afc5e2,red1,20,0.25,8,8,0.0625,1024,16,10,19200,19200,legacy_uncapped,19200,9600,19200,1,Standard OFDM,88,0,0,85448,18948,0.221748899916,0.0173783892614,47.7916666667,47.6666666667,0,1,ok
f3f7d62fdb75c034854a0aed4556242847afc5e2,red1,20,0.25,8,8,0.0625,1024,16,10,19200,19200,legacy_uncapped,19200,9600,19200,1,Partial FFT+FEC,88,0,0,85448,32482,0.380137627563,0.0176404135341,47.7916666667,47.6666666667,0,1,ok
f3f7d62fdb75c034854a0aed4556242847afc5e2,red1,20,0.25,8,8,0.0625,1024,16,10,19200,19200,legacy_uncapped,19200,9600,19200,1,JUNA-Lite,88,0,0,85448,17523,0.205072090628,0.0521722947614,47.7916666667,47.6666666667,0,1,ok
f3f7d62fdb75c034854a0aed4556242847afc5e2,red1,20,0.25,8,8,0.0625,1024,16,10,19200,19200,legacy_uncapped,19200,9600,19200,1,JUNA-Wz,88,0,0,85448,32552,0.380956839247,0.377104271841,47.7916666667,47.6666666667,0,1,ok
f3f7d62fdb75c034854a0aed4556242847afc5e2,red1,20,0.25,8,8,0.0625,1024,16,10,19200,19200,legacy_uncapped,19200,9600,19200,1,JUNA-WCz,88,0,0,85448,32468,0.379973785226,0.199202373761,47.7916666667,47.6666666667,0,1,ok
f3f7d62fdb75c034854a0aed4556242847afc5e2,red1,20,0.25,8,8,0.0625,2048,16,10,19200,19200,legacy_uncapped,19200,9600,19200,1,Standard OFDM,44,0,0,85844,24254,0.282535762546,0.0405268575455,47.7916666667,47.3,0,1,ok
f3f7d62fdb75c034854a0aed4556242847afc5e2,red1,20,0.25,8,8,0.0625,2048,16,10,19200,19200,legacy_uncapped,19200,9600,19200,1,Partial FFT+FEC,44,0,0,85844,29372,0.342155537953,0.0404203470682,47.7916666667,47.3,0,1,ok
f3f7d62fdb75c034854a0aed4556242847afc5e2,red1,20,0.25,8,8,0.0625,2048,16,10,19200,19200,legacy_uncapped,19200,9600,19200,1,JUNA-Lite,44,0,0,85844,15998,0.186361306556,0.124743733386,47.7916666667,47.3,0,1,ok
f3f7d62fdb75c034854a0aed4556242847afc5e2,red1,20,0.25,8,8,0.0625,2048,16,10,19200,19200,legacy_uncapped,19200,9600,19200,1,JUNA-Wz,44,0,0,85844,29424,0.342761287918,0.895202725,47.7916666667,47.3,0,1,ok
f3f7d62fdb75c034854a0aed4556242847afc5e2,red1,20,0.25,8,8,0.0625,2048,16,10,19200,19200,legacy_uncapped,19200,9600,19200,1,JUNA-WCz,44,0,0,85844,29355,0.34195750431,0.436153699273,47.7916666667,47.3,0,1,ok
f3f7d62fdb75c034854a0aed4556242847afc5e2,red1,20,0.25,8,8,0.125,512,16,10,19200,19200,legacy_uncapped,19200,9600,19200,1,Standard OFDM,173,0,0,166426,31571,0.189699926694,0.0104763839595,47.7916666667,47.575,0,1,ok
f3f7d62fdb75c034854a0aed4556242847afc5e2,red1,20,0.25,8,8,0.125,512,16,10,19200,19200,legacy_uncapped,19200,9600,19200,1,Partial FFT+FEC,173,0,0,166426,72222,0.433958636271,0.0100195218728,47.7916666667,47.575,0,1,ok
f3f7d62fdb75c034854a0aed4556242847afc5e2,red1,20,0.25,8,8,0.125,512,16,10,19200,19200,legacy_uncapped,19200,9600,19200,1,JUNA-Lite,173,0,0,166426,33896,0.203670099624,0.0274530636705,47.7916666667,47.575,0,1,ok
f3f7d62fdb75c034854a0aed4556242847afc5e2,red1,20,0.25,8,8,0.125,512,16,10,19200,19200,legacy_uncapped,19200,9600,19200,1,JUNA-Wz,173,0,0,166426,72520,0.435749221876,0.191807337335,47.7916666667,47.575,0,1,ok
f3f7d62fdb75c034854a0aed4556242847afc5e2,red1,20,0.25,8,8,0.125,512,16,10,19200,19200,legacy_uncapped,19200,9600,19200,1,JUNA-WCz,173,0,0,166426,72097,0.433207551705,0.107580242046,47.7916666667,47.575,0,1,ok
f3f7d62fdb75c034854a0aed4556242847afc5e2,red1,20,0.25,8,8,0.125,1024,16,10,19200,19200,legacy_uncapped,19200,9600,19200,1,Standard OFDM,88,0,0,170896,27037,0.158207330774,0.0200662993523,47.7916666667,47.6666666667,0,1,ok
f3f7d62fdb75c034854a0aed4556242847afc5e2,red1,20,0.25,8,8,0.125,1024,16,10,19200,19200,legacy_uncapped,19200,9600,19200,1,Partial FFT+FEC,88,0,0,170896,54108,0.316613612958,0.0214771450682,47.7916666667,47.6666666667,0,1,ok
f3f7d62fdb75c034854a0aed4556242847afc5e2,red1,20,0.25,8,8,0.125,1024,16,10,19200,19200,legacy_uncapped,19200,9600,19200,1,JUNA-Lite,88,0,0,170896,23063,0.134953421964,0.0637813896477,47.7916666667,47.6666666667,0,1,ok
f3f7d62fdb75c034854a0aed4556242847afc5e2,red1,20,0.25,8,8,0.125,1024,16,10,19200,19200,legacy_uncapped,19200,9600,19200,1,JUNA-Wz,88,0,0,170896,54734,0.320276659489,0.455517685466,47.7916666667,47.6666666667,0,1,ok
f3f7d62fdb75c034854a0aed4556242847afc5e2,red1,20,0.25,8,8,0.125,1024,16,10,19200,19200,legacy_uncapped,19200,9600,19200,1,JUNA-WCz,88,0,0,170896,54582,0.31938722966,0.221376129295,47.7916666667,47.6666666667,0,1,ok
f3f7d62fdb75c034854a0aed4556242847afc5e2,red1,20,0.25,8,8,0.125,2048,16,10,19200,19200,legacy_uncapped,19200,9600,19200,1,Standard OFDM,44,0,0,171688,38916,0.226666977308,0.0612927104091,47.7916666667,47.3,0,1,ok
f3f7d62fdb75c034854a0aed4556242847afc5e2,red1,20,0.25,8,8,0.125,2048,16,10,19200,19200,legacy_uncapped,19200,9600,19200,1,Partial FFT+FEC,44,0,0,171688,46449,0.270543078142,0.0626075150455,47.7916666667,47.3,0,1,ok
f3f7d62fdb75c034854a0aed4556242847afc5e2,red1,20,0.25,8,8,0.125,2048,16,10,19200,19200,legacy_uncapped,19200,9600,19200,1,JUNA-Lite,44,0,0,171688,24260,0.141302828386,0.192638521727,47.7916666667,47.3,0,1,ok
f3f7d62fdb75c034854a0aed4556242847afc5e2,red1,20,0.25,8,8,0.125,2048,16,10,19200,19200,legacy_uncapped,19200,9600,19200,1,JUNA-Wz,44,0,0,171688,47120,0.27445133032,1.44504301186,47.7916666667,47.3,0,1,ok
f3f7d62fdb75c034854a0aed4556242847afc5e2,red1,20,0.25,8,8,0.125,2048,16,10,19200,19200,legacy_uncapped,19200,9600,19200,1,JUNA-WCz,44,0,0,171688,47035,0.273956246214,0.662597967182,47.7916666667,47.3,0,1,ok
f3f7d62fdb75c034854a0aed4556242847afc5e2,red1,20,0.25,8,8,0.25,512,16,10,19200,19200,legacy_uncapped,19200,9600,19200,1,Standard OFDM,173,0,0,333025,61942,0.185998048195,0.0109922478786,47.7916666667,47.575,0,1,ok
f3f7d62fdb75c034854a0aed4556242847afc5e2,red1,20,0.25,8,8,0.25,512,16,10,19200,19200,legacy_uncapped,19200,9600,19200,1,Partial FFT+FEC,173,0,0,333025,144942,0.435228586442,0.0112279157168,47.7916666667,47.575,0,1,ok
f3f7d62fdb75c034854a0aed4556242847afc5e2,red1,20,0.25,8,8,0.25,512,16,10,19200,19200,legacy_uncapped,19200,9600,19200,1,JUNA-Lite,173,0,0,333025,106185,0.318849936191,0.0277122244855,47.7916666667,47.575,0,1,ok
f3f7d62fdb75c034854a0aed4556242847afc5e2,red1,20,0.25,8,8,0.25,512,16,10,19200,19200,legacy_uncapped,19200,9600,19200,1,JUNA-Wz,173,0,0,333025,145597,0.43719540575,0.236272201694,47.7916666667,47.575,0,1,ok
f3f7d62fdb75c034854a0aed4556242847afc5e2,red1,20,0.25,8,8,0.25,512,16,10,19200,19200,legacy_uncapped,19200,9600,19200,1,JUNA-WCz,173,0,0,333025,144926,0.435180542001,0.114828911694,47.7916666667,47.575,0,1,ok
f3f7d62fdb75c034854a0aed4556242847afc5e2,red1,20,0.25,8,8,0.25,1024,16,10,19200,19200,legacy_uncapped,19200,9600,19200,1,Standard OFDM,88,0,0,341880,55896,0.163495963496,0.0228104485227,47.7916666667,47.6666666667,0,1,ok
f3f7d62fdb75c034854a0aed4556242847afc5e2,red1,20,0.25,8,8,0.25,1024,16,10,19200,19200,legacy_uncapped,19200,9600,19200,1,Partial FFT+FEC,88,0,0,341880,110341,0.322747747748,0.0231032372159,47.7916666667,47.6666666667,0,1,ok
f3f7d62fdb75c034854a0aed4556242847afc5e2,red1,20,0.25,8,8,0.25,1024,16,10,19200,19200,legacy_uncapped,19200,9600,19200,1,JUNA-Lite,88,0,0,341880,60569,0.177164502165,0.0682781326932,47.7916666667,47.6666666667,0,1,ok
f3f7d62fdb75c034854a0aed4556242847afc5e2,red1,20,0.25,8,8,0.25,1024,16,10,19200,19200,legacy_uncapped,19200,9600,19200,1,JUNA-Wz,88,0,0,341880,111283,0.325503100503,0.483832188909,47.7916666667,47.6666666667,0,1,ok
f3f7d62fdb75c034854a0aed4556242847afc5e2,red1,20,0.25,8,8,0.25,1024,16,10,19200,19200,legacy_uncapped,19200,9600,19200,1,JUNA-WCz,88,0,0,341880,111071,0.324882999883,0.23642562867,47.7916666667,47.6666666667,0,1,ok
f3f7d62fdb75c034854a0aed4556242847afc5e2,red1,20,0.25,8,8,0.25,2048,16,10,19200,19200,legacy_uncapped,19200,9600,19200,1,Standard OFDM,44,0,0,343420,79647,0.231923009726,0.0850722056591,47.7916666667,47.3,0,1,ok
f3f7d62fdb75c034854a0aed4556242847afc5e2,red1,20,0.25,8,8,0.25,2048,16,10,19200,19200,legacy_uncapped,19200,9600,19200,1,Partial FFT+FEC,44,0,0,343420,89820,0.261545629259,0.09289872475,47.7916666667,47.3,0,1,ok
f3f7d62fdb75c034854a0aed4556242847afc5e2,red1,20,0.25,8,8,0.25,2048,16,10,19200,19200,legacy_uncapped,19200,9600,19200,1,JUNA-Lite,44,0,0,343420,58284,0.169716382272,0.276572781386,47.7916666667,47.3,0,1,ok
f3f7d62fdb75c034854a0aed4556242847afc5e2,red1,20,0.25,8,8,0.25,2048,16,10,19200,19200,legacy_uncapped,19200,9600,19200,1,JUNA-Wz,44,0,0,343420,90454,0.263391765185,1.90420588468,47.7916666667,47.3,0,1,ok
f3f7d62fdb75c034854a0aed4556242847afc5e2,red1,20,0.25,8,8,0.25,2048,16,10,19200,19200,legacy_uncapped,19200,9600,19200,1,JUNA-WCz,44,0,0,343420,90385,0.263190845029,0.903936171409,47.7916666667,47.3,0,1,ok
f3f7d62fdb75c034854a0aed4556242847afc5e2,red1,20,0.25,8,8,0.5,512,16,10,19200,19200,legacy_uncapped,19200,9600,19200,1,Standard OFDM,173,0,0,666050,165103,0.247883792508,0.0124704685954,47.7916666667,47.575,0,1,ok
f3f7d62fdb75c034854a0aed4556242847afc5e2,red1,20,0.25,8,8,0.5,512,16,10,19200,19200,legacy_uncapped,19200,9600,19200,1,Partial FFT+FEC,173,0,0,666050,295242,0.44327302755,0.0120237205202,47.7916666667,47.575,0,1,ok
f3f7d62fdb75c034854a0aed4556242847afc5e2,red1,20,0.25,8,8,0.5,512,16,10,19200,19200,legacy_uncapped,19200,9600,19200,1,JUNA-Lite,173,0,0,666050,284260,0.426784775918,0.025502859948,47.7916666667,47.575,0,1,ok
f3f7d62fdb75c034854a0aed4556242847afc5e2,red1,20,0.25,8,8,0.5,512,16,10,19200,19200,legacy_uncapped,19200,9600,19200,1,JUNA-Wz,173,0,0,666050,297066,0.446011560694,0.241763539699,47.7916666667,47.575,0,1,ok
f3f7d62fdb75c034854a0aed4556242847afc5e2,red1,20,0.25,8,8,0.5,512,16,10,19200,19200,legacy_uncapped,19200,9600,19200,1,JUNA-WCz,173,0,0,666050,296201,0.444712859395,0.119743225283,47.7916666667,47.575,0,1,ok
f3f7d62fdb75c034854a0aed4556242847afc5e2,red1,20,0.25,8,8,0.5,1024,16,10,19200,19200,legacy_uncapped,19200,9600,19200,1,Standard OFDM,88,0,0,683760,157011,0.229628817129,0.0324820061932,47.7916666667,47.6666666667,0,1,ok
f3f7d62fdb75c034854a0aed4556242847afc5e2,red1,20,0.25,8,8,0.5,1024,16,10,19200,19200,legacy_uncapped,19200,9600,19200,1,Partial FFT+FEC,88,0,0,683760,237209,0.346918509419,0.0301422415909,47.7916666667,47.6666666667,0,1,ok
f3f7d62fdb75c034854a0aed4556242847afc5e2,red1,20,0.25,8,8,0.5,1024,16,10,19200,19200,legacy_uncapped,19200,9600,19200,1,JUNA-Lite,88,0,0,683760,210888,0.308424008424,0.0869745095227,47.7916666667,47.6666666667,0,1,ok
f3f7d62fdb75c034854a0aed4556242847afc5e2,red1,20,0.25,8,8,0.5,1024,16,10,19200,19200,legacy_uncapped,19200,9600,19200,1,JUNA-Wz,88,0,0,683760,240523,0.351765239265,0.602052477852,47.7916666667,47.6666666667,0,1,ok
f3f7d62fdb75c034854a0aed4556242847afc5e2,red1,20,0.25,8,8,0.5,1024,16,10,19200,19200,legacy_uncapped,19200,9600,19200,1,JUNA-WCz,88,0,0,683760,240416,0.351608751609,0.310709570239,47.7916666667,47.6666666667,0,1,ok
f3f7d62fdb75c034854a0aed4556242847afc5e2,red1,20,0.25,8,8,0.5,2048,16,10,19200,19200,legacy_uncapped,19200,9600,19200,1,Standard OFDM,44,0,0,686840,184858,0.269142740667,0.0992188529091,47.7916666667,47.3,0,1,ok
f3f7d62fdb75c034854a0aed4556242847afc5e2,red1,20,0.25,8,8,0.5,2048,16,10,19200,19200,legacy_uncapped,19200,9600,19200,1,Partial FFT+FEC,44,0,0,686840,202415,0.294704734727,0.0997684375909,47.7916666667,47.3,0,1,ok
f3f7d62fdb75c034854a0aed4556242847afc5e2,red1,20,0.25,8,8,0.5,2048,16,10,19200,19200,legacy_uncapped,19200,9600,19200,1,JUNA-Lite,44,0,0,686840,175995,0.256238716441,0.301860404455,47.7916666667,47.3,0,1,ok
f3f7d62fdb75c034854a0aed4556242847afc5e2,red1,20,0.25,8,8,0.5,2048,16,10,19200,19200,legacy_uncapped,19200,9600,19200,1,JUNA-Wz,44,0,0,686840,205434,0.299100227127,2.42239403982,47.7916666667,47.3,0,1,ok
f3f7d62fdb75c034854a0aed4556242847afc5e2,red1,20,0.25,8,8,0.5,2048,16,10,19200,19200,legacy_uncapped,19200,9600,19200,1,JUNA-WCz,44,0,0,686840,205328,0.298945897152,1.06413706795,47.7916666667,47.3,0,1,ok
f3f7d62fdb75c034854a0aed4556242847afc5e2,red1,20,0.5,4,4,0.0625,512,16,10,19200,19200,legacy_uncapped,19200,9600,19200,1,Standard OFDM,173,0,0,60896,15938,0.26172490804,0.00581385157225,47.7916666667,47.575,0,1,ok
f3f7d62fdb75c034854a0aed4556242847afc5e2,red1,20,0.5,4,4,0.0625,512,16,10,19200,19200,legacy_uncapped,19200,9600,19200,1,Partial FFT+FEC,173,0,0,60896,24617,0.404246584341,0.00622028743353,47.7916666667,47.575,0,1,ok
f3f7d62fdb75c034854a0aed4556242847afc5e2,red1,20,0.5,4,4,0.0625,512,16,10,19200,19200,legacy_uncapped,19200,9600,19200,1,JUNA-Lite,173,0,0,60896,15837,0.260066342617,0.0178236877746,47.7916666667,47.575,0,1,ok
f3f7d62fdb75c034854a0aed4556242847afc5e2,red1,20,0.5,4,4,0.0625,512,16,10,19200,19200,legacy_uncapped,19200,9600,19200,1,JUNA-Wz,173,0,0,60896,24673,0.405166184971,0.113430851665,47.7916666667,47.575,0,1,ok
f3f7d62fdb75c034854a0aed4556242847afc5e2,red1,20,0.5,4,4,0.0625,512,16,10,19200,19200,legacy_uncapped,19200,9600,19200,1,JUNA-WCz,173,0,0,60896,24579,0.403622569627,0.0693428639769,47.7916666667,47.575,0,1,ok
f3f7d62fdb75c034854a0aed4556242847afc5e2,red1,20,0.5,4,4,0.0625,1024,16,10,19200,19200,legacy_uncapped,19200,9600,19200,1,Standard OFDM,88,0,0,62656,10395,0.165905898876,0.01279940425,47.7916666667,47.6666666667,0,1,ok
f3f7d62fdb75c034854a0aed4556242847afc5e2,red1,20,0.5,4,4,0.0625,1024,16,10,19200,19200,legacy_uncapped,19200,9600,19200,1,Partial FFT+FEC,88,0,0,62656,20129,0.321262129724,0.0135817822955,47.7916666667,47.6666666667,0,1,ok
f3f7d62fdb75c034854a0aed4556242847afc5e2,red1,20,0.5,4,4,0.0625,1024,16,10,19200,19200,legacy_uncapped,19200,9600,19200,1,JUNA-Lite,88,0,0,62656,8460,0.135022982635,0.0409699679545,47.7916666667,47.6666666667,0,1,ok
f3f7d62fdb75c034854a0aed4556242847afc5e2,red1,20,0.5,4,4,0.0625,1024,16,10,19200,19200,legacy_uncapped,19200,9600,19200,1,JUNA-Wz,88,0,0,62656,20129,0.321262129724,0.268390228023,47.7916666667,47.6666666667,0,1,ok
f3f7d62fdb75c034854a0aed4556242847afc5e2,red1,20,0.5,4,4,0.0625,1024,16,10,19200,19200,legacy_uncapped,19200,9600,19200,1,JUNA-WCz,88,0,0,62656,20049,0.31998531665,0.141814656534,47.7916666667,47.6666666667,0,1,ok
f3f7d62fdb75c034854a0aed4556242847afc5e2,red1,20,0.5,4,4,0.0625,2048,16,10,19200,19200,legacy_uncapped,19200,9600,19200,1,Standard OFDM,44,0,0,63008,14757,0.234208354495,0.0333301269773,47.7916666667,47.3,0,1,ok
f3f7d62fdb75c034854a0aed4556242847afc5e2,red1,20,0.5,4,4,0.0625,2048,16,10,19200,19200,legacy_uncapped,19200,9600,19200,1,Partial FFT+FEC,44,0,0,63008,18264,0.289867953276,0.0339999990909,47.7916666667,47.3,0,1,ok
f3f7d62fdb75c034854a0aed4556242847afc5e2,red1,20,0.5,4,4,0.0625,2048,16,10,19200,19200,legacy_uncapped,19200,9600,19200,1,JUNA-Lite,44,0,0,63008,9029,0.143299263586,0.101466201682,47.7916666667,47.3,0,1,ok
f3f7d62fdb75c034854a0aed4556242847afc5e2,red1,20,0.5,4,4,0.0625,2048,16,10,19200,19200,legacy_uncapped,19200,9600,19200,1,JUNA-Wz,44,0,0,63008,18248,0.289614017268,0.689627457727,47.7916666667,47.3,0,1,ok
f3f7d62fdb75c034854a0aed4556242847afc5e2,red1,20,0.5,4,4,0.0625,2048,16,10,19200,19200,legacy_uncapped,19200,9600,19200,1,JUNA-WCz,44,0,0,63008,18177,0.288487176232,0.374176537182,47.7916666667,47.3,0,1,ok
f3f7d62fdb75c034854a0aed4556242847afc5e2,red1,20,0.5,4,4,0.125,512,16,10,19200,19200,legacy_uncapped,19200,9600,19200,1,Standard OFDM,173,0,0,121965,21040,0.172508506539,0.00652551396532,47.7916666667,47.575,0,1,ok
f3f7d62fdb75c034854a0aed4556242847afc5e2,red1,20,0.5,4,4,0.125,512,16,10,19200,19200,legacy_uncapped,19200,9600,19200,1,Partial FFT+FEC,173,0,0,121965,42393,0.347583323084,0.00660335539884,47.7916666667,47.575,0,1,ok
f3f7d62fdb75c034854a0aed4556242847afc5e2,red1,20,0.5,4,4,0.125,512,16,10,19200,19200,legacy_uncapped,19200,9600,19200,1,JUNA-Lite,173,0,0,121965,24134,0.197876439962,0.0187035575491,47.7916666667,47.575,0,1,ok
f3f7d62fdb75c034854a0aed4556242847afc5e2,red1,20,0.5,4,4,0.125,512,16,10,19200,19200,legacy_uncapped,19200,9600,19200,1,JUNA-Wz,173,0,0,121965,42680,0.34993645718,0.119904514162,47.7916666667,47.575,0,1,ok
f3f7d62fdb75c034854a0aed4556242847afc5e2,red1,20,0.5,4,4,0.125,512,16,10,19200,19200,legacy_uncapped,19200,9600,19200,1,JUNA-WCz,173,0,0,121965,42542,0.348804985037,0.0650234241445,47.7916666667,47.575,0,1,ok
f3f7d62fdb75c034854a0aed4556242847afc5e2,red1,20,0.5,4,4,0.125,1024,16,10,19200,19200,legacy_uncapped,19200,9600,19200,1,Standard OFDM,88,0,0,125400,15784,0.125869218501,0.0158152541136,47.7916666667,47.6666666667,0,1,ok
f3f7d62fdb75c034854a0aed4556242847afc5e2,red1,20,0.5,4,4,0.125,1024,16,10,19200,19200,legacy_uncapped,19200,9600,19200,1,Partial FFT+FEC,88,0,0,125400,31293,0.249545454545,0.0159137947614,47.7916666667,47.6666666667,0,1,ok
f3f7d62fdb75c034854a0aed4556242847afc5e2,red1,20,0.5,4,4,0.125,1024,16,10,19200,19200,legacy_uncapped,19200,9600,19200,1,JUNA-Lite,88,0,0,125400,15461,0.123293460925,0.0475226256932,47.7916666667,47.6666666667,0,1,ok
f3f7d62fdb75c034854a0aed4556242847afc5e2,red1,20,0.5,4,4,0.125,1024,16,10,19200,19200,legacy_uncapped,19200,9600,19200,1,JUNA-Wz,88,0,0,125400,31579,0.2518261563,0.343116919932,47.7916666667,47.6666666667,0,1,ok
f3f7d62fdb75c034854a0aed4556242847afc5e2,red1,20,0.5,4,4,0.125,1024,16,10,19200,19200,legacy_uncapped,19200,9600,19200,1,JUNA-WCz,88,0,0,125400,31465,0.250917065391,0.16867874125,47.7916666667,47.6666666667,0,1,ok
f3f7d62fdb75c034854a0aed4556242847afc5e2,red1,20,0.5,4,4,0.125,2048,16,10,19200,19200,legacy_uncapped,19200,9600,19200,1,Standard OFDM,44,0,0,126060,26821,0.212763763287,0.0447140366364,47.7916666667,47.3,0,1,ok
f3f7d62fdb75c034854a0aed4556242847afc5e2,red1,20,0.5,4,4,0.125,2048,16,10,19200,19200,legacy_uncapped,19200,9600,19200,1,Partial FFT+FEC,44,0,0,126060,26656,0.211454862764,0.0451047146364,47.7916666667,47.3,0,1,ok
f3f7d62fdb75c034854a0aed4556242847afc5e2,red1,20,0.5,4,4,0.125,2048,16,10,19200,19200,legacy_uncapped,19200,9600,19200,1,JUNA-Lite,44,0,0,126060,16452,0.130509281295,0.138452141727,47.7916666667,47.3,0,1,ok
f3f7d62fdb75c034854a0aed4556242847afc5e2,red1,20,0.5,4,4,0.125,2048,16,10,19200,19200,legacy_uncapped,19200,9600,19200,1,JUNA-Wz,44,0,0,126060,26951,0.213795018245,0.974117337886,47.7916666667,47.3,0,1,ok
f3f7d62fdb75c034854a0aed4556242847afc5e2,red1,20,0.5,4,4,0.125,2048,16,10,19200,19200,legacy_uncapped,19200,9600,19200,1,JUNA-WCz,44,0,0,126060,26873,0.213176265271,0.462053144455,47.7916666667,47.3,0,1,ok
f3f7d62fdb75c034854a0aed4556242847afc5e2,red1,20,0.5,4,4,0.25,512,16,10,19200,19200,legacy_uncapped,19200,9600,19200,1,Standard OFDM,173,0,0,243930,33951,0.139183372279,0.00764995327168,47.7916666667,47.575,0,1,ok
f3f7d62fdb75c034854a0aed4556242847afc5e2,red1,20,0.5,4,4,0.25,512,16,10,19200,19200,legacy_uncapped,19200,9600,19200,1,Partial FFT+FEC,173,0,0,243930,80114,0.328430287378,0.00821689495376,47.7916666667,47.575,0,1,ok
f3f7d62fdb75c034854a0aed4556242847afc5e2,red1,20,0.5,4,4,0.25,512,16,10,19200,19200,legacy_uncapped,19200,9600,19200,1,JUNA-Lite,173,0,0,243930,51122,0.209576517853,0.023281871763,47.7916666667,47.575,0,1,ok
f3f7d62fdb75c034854a0aed4556242847afc5e2,red1,20,0.5,4,4,0.25,512,16,10,19200,19200,legacy_uncapped,19200,9600,19200,1,JUNA-Wz,173,0,0,243930,80546,0.330201287255,0.148985699185,47.7916666667,47.575,0,1,ok
f3f7d62fdb75c034854a0aed4556242847afc5e2,red1,20,0.5,4,4,0.25,512,16,10,19200,19200,legacy_uncapped,19200,9600,19200,1,JUNA-WCz,173,0,0,243930,80386,0.329545361374,0.0802152997861,47.7916666667,47.575,0,1,ok
f3f7d62fdb75c034854a0aed4556242847afc5e2,red1,20,0.5,4,4,0.25,1024,16,10,19200,19200,legacy_uncapped,19200,9600,19200,1,Standard OFDM,88,0,0,250800,30271,0.120697767145,0.0191197860909,47.7916666667,47.6666666667,0,1,ok
f3f7d62fdb75c034854a0aed4556242847afc5e2,red1,20,0.5,4,4,0.25,1024,16,10,19200,19200,legacy_uncapped,19200,9600,19200,1,Partial FFT+FEC,88,0,0,250800,62452,0.249011164274,0.0207634107045,47.7916666667,47.6666666667,0,1,ok
f3f7d62fdb75c034854a0aed4556242847afc5e2,red1,20,0.5,4,4,0.25,1024,16,10,19200,19200,legacy_uncapped,19200,9600,19200,1,JUNA-Lite,88,0,0,250800,36218,0.144409888357,0.0597482998636,47.7916666667,47.6666666667,0,1,ok
f3f7d62fdb75c034854a0aed4556242847afc5e2,red1,20,0.5,4,4,0.25,1024,16,10,19200,19200,legacy_uncapped,19200,9600,19200,1,JUNA-Wz,88,0,0,250800,62762,0.250247208931,0.403306425761,47.7916666667,47.6666666667,0,1,ok
f3f7d62fdb75c034854a0aed4556242847afc5e2,red1,20,0.5,4,4,0.25,1024,16,10,19200,19200,legacy_uncapped,19200,9600,19200,1,JUNA-WCz,88,0,0,250800,62628,0.24971291866,0.20499670108,47.7916666667,47.6666666667,0,1,ok
f3f7d62fdb75c034854a0aed4556242847afc5e2,red1,20,0.5,4,4,0.25,2048,16,10,19200,19200,legacy_uncapped,19200,9600,19200,1,Standard OFDM,44,0,0,252120,50664,0.200951927653,0.07160937475,47.7916666667,47.3,0,1,ok
f3f7d62fdb75c034854a0aed4556242847afc5e2,red1,20,0.5,4,4,0.25,2048,16,10,19200,19200,legacy_uncapped,19200,9600,19200,1,Partial FFT+FEC,44,0,0,252120,52307,0.207468665715,0.0777557570909,47.7916666667,47.3,0,1,ok
f3f7d62fdb75c034854a0aed4556242847afc5e2,red1,20,0.5,4,4,0.25,2048,16,10,19200,19200,legacy_uncapped,19200,9600,19200,1,JUNA-Lite,44,0,0,252120,35043,0.138993336506,0.208424063227,47.7916666667,47.3,0,1,ok
f3f7d62fdb75c034854a0aed4556242847afc5e2,red1,20,0.5,4,4,0.25,2048,16,10,19200,19200,legacy_uncapped,19200,9600,19200,1,JUNA-Wz,44,0,0,252120,52441,0.208000158655,1.37696927648,47.7916666667,47.3,0,1,ok
f3f7d62fdb75c034854a0aed4556242847afc5e2,red1,20,0.5,4,4,0.25,2048,16,10,19200,19200,legacy_uncapped,19200,9600,19200,1,JUNA-WCz,44,0,0,252120,52373,0.207730445819,0.654163576136,47.7916666667,47.3,0,1,ok
f3f7d62fdb75c034854a0aed4556242847afc5e2,red1,20,0.5,4,4,0.5,512,16,10,19200,19200,legacy_uncapped,19200,9600,19200,1,Standard OFDM,173,0,0,487860,100410,0.205817242652,0.00880388508671,47.7916666667,47.575,0,1,ok
f3f7d62fdb75c034854a0aed4556242847afc5e2,red1,20,0.5,4,4,0.5,512,16,10,19200,19200,legacy_uncapped,19200,9600,19200,1,Partial FFT+FEC,173,0,0,487860,174337,0.357350469397,0.00905808351445,47.7916666667,47.575,0,1,ok
f3f7d62fdb75c034854a0aed4556242847afc5e2,red1,20,0.5,4,4,0.5,512,16,10,19200,19200,legacy_uncapped,19200,9600,19200,1,JUNA-Lite,173,0,0,487860,158732,0.325363833887,0.0230346319769,47.7916666667,47.575,0,1,ok
f3f7d62fdb75c034854a0aed4556242847afc5e2,red1,20,0.5,4,4,0.5,512,16,10,19200,19200,legacy_uncapped,19200,9600,19200,1,JUNA-Wz,173,0,0,487860,176223,0.361216332554,0.181056601491,47.7916666667,47.575,0,1,ok
f3f7d62fdb75c034854a0aed4556242847afc5e2,red1,20,0.5,4,4,0.5,512,16,10,19200,19200,legacy_uncapped,19200,9600,19200,1,JUNA-WCz,173,0,0,487860,176072,0.36090681753,0.0894463341329,47.7916666667,47.575,0,1,ok
f3f7d62fdb75c034854a0aed4556242847afc5e2,red1,20,0.5,4,4,0.5,1024,16,10,19200,19200,legacy_uncapped,19200,9600,19200,1,Standard OFDM,88,0,0,501600,97364,0.194106858054,0.0220692077841,47.7916666667,47.6666666667,0,1,ok
f3f7d62fdb75c034854a0aed4556242847afc5e2,red1,20,0.5,4,4,0.5,1024,16,10,19200,19200,legacy_uncapped,19200,9600,19200,1,Partial FFT+FEC,88,0,0,501600,153421,0.30586323764,0.0228433880455,47.7916666667,47.6666666667,0,1,ok
f3f7d62fdb75c034854a0aed4556242847afc5e2,red1,20,0.5,4,4,0.5,1024,16,10,19200,19200,legacy_uncapped,19200,9600,19200,1,JUNA-Lite,88,0,0,501600,132904,0.264960127592,0.0662909702159,47.7916666667,47.6666666667,0,1,ok
f3f7d62fdb75c034854a0aed4556242847afc5e2,red1,20,0.5,4,4,0.5,1024,16,10,19200,19200,legacy_uncapped,19200,9600,19200,1,JUNA-Wz,88,0,0,501600,155708,0.310422647528,0.483486341045,47.7916666667,47.6666666667,0,1,ok
f3f7d62fdb75c034854a0aed4556242847afc5e2,red1,20,0.5,4,4,0.5,1024,16,10,19200,19200,legacy_uncapped,19200,9600,19200,1,JUNA-WCz,88,0,0,501600,155597,0.310201355662,0.236891537375,47.7916666667,47.6666666667,0,1,ok
f3f7d62fdb75c034854a0aed4556242847afc5e2,red1,20,0.5,4,4,0.5,2048,16,10,19200,19200,legacy_uncapped,19200,9600,19200,1,Standard OFDM,44,0,0,504240,119934,0.237851023322,0.0805411435,47.7916666667,47.3,0,1,ok
f3f7d62fdb75c034854a0aed4556242847afc5e2,red1,20,0.5,4,4,0.5,2048,16,10,19200,19200,legacy_uncapped,19200,9600,19200,1,Partial FFT+FEC,44,0,0,504240,137055,0.271805092813,0.0849514307045,47.7916666667,47.3,0,1,ok
f3f7d62fdb75c034854a0aed4556242847afc5e2,red1,20,0.5,4,4,0.5,2048,16,10,19200,19200,legacy_uncapped,19200,9600,19200,1,JUNA-Lite,44,0,0,504240,119978,0.237938283357,0.217094655955,47.7916666667,47.3,0,1,ok
f3f7d62fdb75c034854a0aed4556242847afc5e2,red1,20,0.5,4,4,0.5,2048,16,10,19200,19200,legacy_uncapped,19200,9600,19200,1,JUNA-Wz,44,0,0,504240,139242,0.276142313184,1.926928211,47.7916666667,47.3,0,1,ok
f3f7d62fdb75c034854a0aed4556242847afc5e2,red1,20,0.5,4,4,0.5,2048,16,10,19200,19200,legacy_uncapped,19200,9600,19200,1,JUNA-WCz,44,0,0,504240,139113,0.275886482627,0.754086574,47.7916666667,47.3,0,1,ok
f3f7d62fdb75c034854a0aed4556242847afc5e2,red1,20,0.75,3,3,0.0625,512,16,10,19200,19200,legacy_uncapped,19200,9600,19200,1,Standard OFDM,173,0,0,48440,8771,0.181069364162,0.00532843305202,47.7916666667,47.575,0,1,ok
f3f7d62fdb75c034854a0aed4556242847afc5e2,red1,20,0.75,3,3,0.0625,512,16,10,19200,19200,legacy_uncapped,19200,9600,19200,1,Partial FFT+FEC,173,0,0,48440,16166,0.333732452519,0.00547709117919,47.7916666667,47.575,0,1,ok
f3f7d62fdb75c034854a0aed4556242847afc5e2,red1,20,0.75,3,3,0.0625,512,16,10,19200,19200,legacy_uncapped,19200,9600,19200,1,JUNA-Lite,173,0,0,48440,10847,0.223926507019,0.0151654833006,47.7916666667,47.575,0,1,ok
f3f7d62fdb75c034854a0aed4556242847afc5e2,red1,20,0.75,3,3,0.0625,512,16,10,19200,19200,legacy_uncapped,19200,9600,19200,1,JUNA-Wz,173,0,0,48440,16168,0.33377374071,0.092852895341,47.7916666667,47.575,0,1,ok
f3f7d62fdb75c034854a0aed4556242847afc5e2,red1,20,0.75,3,3,0.0625,512,16,10,19200,19200,legacy_uncapped,19200,9600,19200,1,JUNA-WCz,173,0,0,48440,16149,0.33338150289,0.0566338233757,47.7916666667,47.575,0,1,ok
f3f7d62fdb75c034854a0aed4556242847afc5e2,red1,20,0.75,3,3,0.0625,1024,16,10,19200,19200,legacy_uncapped,19200,9600,19200,1,Standard OFDM,88,0,0,49808,3770,0.0756906521041,0.0124663156477,47.7916666667,47.6666666667,0,1,ok
f3f7d62fdb75c034854a0aed4556242847afc5e2,red1,20,0.75,3,3,0.0625,1024,16,10,19200,19200,legacy_uncapped,19200,9600,19200,1,Partial FFT+FEC,88,0,0,49808,11326,0.227393189849,0.0130161075341,47.7916666667,47.6666666667,0,1,ok
f3f7d62fdb75c034854a0aed4556242847afc5e2,red1,20,0.75,3,3,0.0625,1024,16,10,19200,19200,legacy_uncapped,19200,9600,19200,1,JUNA-Lite,88,0,0,49808,5757,0.115583841953,0.0387104792045,47.7916666667,47.6666666667,0,1,ok
f3f7d62fdb75c034854a0aed4556242847afc5e2,red1,20,0.75,3,3,0.0625,1024,16,10,19200,19200,legacy_uncapped,19200,9600,19200,1,JUNA-Wz,88,0,0,49808,11267,0.226208641182,0.251925268807,47.7916666667,47.6666666667,0,1,ok
f3f7d62fdb75c034854a0aed4556242847afc5e2,red1,20,0.75,3,3,0.0625,1024,16,10,19200,19200,legacy_uncapped,19200,9600,19200,1,JUNA-WCz,88,0,0,49808,11256,0.225987793126,0.130711221432,47.7916666667,47.6666666667,0,1,ok
f3f7d62fdb75c034854a0aed4556242847afc5e2,red1,20,0.75,3,3,0.0625,2048,16,10,19200,19200,legacy_uncapped,19200,9600,19200,1,Standard OFDM,44,0,0,49852,5032,0.100938778785,0.0315054857045,47.7916666667,47.3,0,1,ok
f3f7d62fdb75c034854a0aed4556242847afc5e2,red1,20,0.75,3,3,0.0625,2048,16,10,19200,19200,legacy_uncapped,19200,9600,19200,1,Partial FFT+FEC,44,0,0,49852,9556,0.191687394688,0.0306602680227,47.7916666667,47.3,0,1,ok
f3f7d62fdb75c034854a0aed4556242847afc5e2,red1,20,0.75,3,3,0.0625,2048,16,10,19200,19200,legacy_uncapped,19200,9600,19200,1,JUNA-Lite,44,0,0,49852,4684,0.0939581160234,0.0922030835,47.7916666667,47.3,0,1,ok
f3f7d62fdb75c034854a0aed4556242847afc5e2,red1,20,0.75,3,3,0.0625,2048,16,10,19200,19200,legacy_uncapped,19200,9600,19200,1,JUNA-Wz,44,0,0,49852,9504,0.190644307149,0.678325949455,47.7916666667,47.3,0,1,ok
f3f7d62fdb75c034854a0aed4556242847afc5e2,red1,20,0.75,3,3,0.0625,2048,16,10,19200,19200,legacy_uncapped,19200,9600,19200,1,JUNA-WCz,44,0,0,49852,9491,0.190383535264,0.363115648841,47.7916666667,47.3,0,1,ok
f3f7d62fdb75c034854a0aed4556242847afc5e2,red1,20,0.75,3,3,0.125,512,16,10,19200,19200,legacy_uncapped,19200,9600,19200,1,Standard OFDM,173,0,0,96880,11265,0.116277869529,0.0054209233237,47.7916666667,47.575,0,1,ok
f3f7d62fdb75c034854a0aed4556242847afc5e2,red1,20,0.75,3,3,0.125,512,16,10,19200,19200,legacy_uncapped,19200,9600,19200,1,Partial FFT+FEC,173,0,0,96880,26157,0.269993806771,0.00577191393642,47.7916666667,47.575,0,1,ok
f3f7d62fdb75c034854a0aed4556242847afc5e2,red1,20,0.75,3,3,0.125,512,16,10,19200,19200,legacy_uncapped,19200,9600,19200,1,JUNA-Lite,173,0,0,96880,16221,0.167433938893,0.0170389469249,47.7916666667,47.575,0,1,ok
f3f7d62fdb75c034854a0aed4556242847afc5e2,red1,20,0.75,3,3,0.125,512,16,10,19200,19200,legacy_uncapped,19200,9600,19200,1,JUNA-Wz,173,0,0,96880,26403,0.272533030553,0.100868504884,47.7916666667,47.575,0,1,ok
f3f7d62fdb75c034854a0aed4556242847afc5e2,red1,20,0.75,3,3,0.125,512,16,10,19200,19200,legacy_uncapped,19200,9600,19200,1,JUNA-WCz,173,0,0,96880,26379,0.272285301404,0.0600944817861,47.7916666667,47.575,0,1,ok
f3f7d62fdb75c034854a0aed4556242847afc5e2,red1,20,0.75,3,3,0.125,1024,16,10,19200,19200,legacy_uncapped,19200,9600,19200,1,Standard OFDM,88,0,0,99704,6264,0.062825964856,0.0132977784886,47.7916666667,47.6666666667,0,1,ok
f3f7d62fdb75c034854a0aed4556242847afc5e2,red1,20,0.75,3,3,0.125,1024,16,10,19200,19200,legacy_uncapped,19200,9600,19200,1,Partial FFT+FEC,88,0,0,99704,19057,0.191135761855,0.0136808318864,47.7916666667,47.6666666667,0,1,ok
f3f7d62fdb75c034854a0aed4556242847afc5e2,red1,20,0.75,3,3,0.125,1024,16,10,19200,19200,legacy_uncapped,19200,9600,19200,1,JUNA-Lite,88,0,0,99704,10131,0.101610767873,0.0407461631591,47.7916666667,47.6666666667,0,1,ok
f3f7d62fdb75c034854a0aed4556242847afc5e2,red1,20,0.75,3,3,0.125,1024,16,10,19200,19200,legacy_uncapped,19200,9600,19200,1,JUNA-Wz,88,0,0,99704,19213,0.192700393164,0.279484449295,47.7916666667,47.6666666667,0,1,ok
f3f7d62fdb75c034854a0aed4556242847afc5e2,red1,20,0.75,3,3,0.125,1024,16,10,19200,19200,legacy_uncapped,19200,9600,19200,1,JUNA-WCz,88,0,0,99704,19208,0.192650244724,0.149274074989,47.7916666667,47.6666666667,0,1,ok
f3f7d62fdb75c034854a0aed4556242847afc5e2,red1,20,0.75,3,3,0.125,2048,16,10,19200,19200,legacy_uncapped,19200,9600,19200,1,Standard OFDM,44,0,0,99704,11781,0.118159752868,0.0371694865909,47.7916666667,47.3,0,1,ok
f3f7d62fdb75c034854a0aed4556242847afc5e2,red1,20,0.75,3,3,0.125,2048,16,10,19200,19200,legacy_uncapped,19200,9600,19200,1,Partial FFT+FEC,44,0,0,99704,17760,0.17812725668,0.0376872825227,47.7916666667,47.3,0,1,ok
f3f7d62fdb75c034854a0aed4556242847afc5e2,red1,20,0.75,3,3,0.125,2048,16,10,19200,19200,legacy_uncapped,19200,9600,19200,1,JUNA-Lite,44,0,0,99704,10725,0.107568402471,0.114684307091,47.7916666667,47.3,0,1,ok
f3f7d62fdb75c034854a0aed4556242847afc5e2,red1,20,0.75,3,3,0.125,2048,16,10,19200,19200,legacy_uncapped,19200,9600,19200,1,JUNA-Wz,44,0,0,99704,17883,0.179360908289,0.855551948886,47.7916666667,47.3,0,1,ok
f3f7d62fdb75c034854a0aed4556242847afc5e2,red1,20,0.75,3,3,0.125,2048,16,10,19200,19200,legacy_uncapped,19200,9600,19200,1,JUNA-WCz,44,0,0,99704,17871,0.179240552034,0.421855757045,47.7916666667,47.3,0,1,ok
f3f7d62fdb75c034854a0aed4556242847afc5e2,red1,20,0.75,3,3,0.25,512,16,10,19200,19200,legacy_uncapped,19200,9600,19200,1,Standard OFDM,173,0,0,193760,17157,0.0885476878613,0.00646284850289,47.7916666667,47.575,0,1,ok
f3f7d62fdb75c034854a0aed4556242847afc5e2,red1,20,0.75,3,3,0.25,512,16,10,19200,19200,legacy_uncapped,19200,9600,19200,1,Partial FFT+FEC,173,0,0,193760,53455,0.275882535095,0.00692766611561,47.7916666667,47.575,0,1,ok
f3f7d62fdb75c034854a0aed4556242847afc5e2,red1,20,0.75,3,3,0.25,512,16,10,19200,19200,legacy_uncapped,19200,9600,19200,1,JUNA-Lite,173,0,0,193760,35344,0.182411230388,0.0194143900462,47.7916666667,47.575,0,1,ok
f3f7d62fdb75c034854a0aed4556242847afc5e2,red1,20,0.75,3,3,0.25,512,16,10,19200,19200,legacy_uncapped,19200,9600,19200,1,JUNA-Wz,173,0,0,193760,53715,0.277224401321,0.121363988445,47.7916666667,47.575,0,1,ok
f3f7d62fdb75c034854a0aed4556242847afc5e2,red1,20,0.75,3,3,0.25,512,16,10,19200,19200,legacy_uncapped,19200,9600,19200,1,JUNA-WCz,173,0,0,193760,53620,0.276734104046,0.0689663670289,47.7916666667,47.575,0,1,ok
f3f7d62fdb75c034854a0aed4556242847afc5e2,red1,20,0.75,3,3,0.25,1024,16,10,19200,19200,legacy_uncapped,19200,9600,19200,1,Standard OFDM,88,0,0,199408,18522,0.0928849394207,0.0164664524773,47.7916666667,47.6666666667,0,1,ok
f3f7d62fdb75c034854a0aed4556242847afc5e2,red1,20,0.75,3,3,0.25,1024,16,10,19200,19200,legacy_uncapped,19200,9600,19200,1,Partial FFT+FEC,88,0,0,199408,44448,0.222899783359,0.0168128945795,47.7916666667,47.6666666667,0,1,ok
f3f7d62fdb75c034854a0aed4556242847afc5e2,red1,20,0.75,3,3,0.25,1024,16,10,19200,19200,legacy_uncapped,19200,9600,19200,1,JUNA-Lite,88,0,0,199408,30531,0.153108200273,0.0509885806136,47.7916666667,47.6666666667,0,1,ok
f3f7d62fdb75c034854a0aed4556242847afc5e2,red1,20,0.75,3,3,0.25,1024,16,10,19200,19200,legacy_uncapped,19200,9600,19200,1,JUNA-Wz,88,0,0,199408,44529,0.223305985718,0.332949080057,47.7916666667,47.6666666667,0,1,ok
f3f7d62fdb75c034854a0aed4556242847afc5e2,red1,20,0.75,3,3,0.25,1024,16,10,19200,19200,legacy_uncapped,19200,9600,19200,1,JUNA-WCz,88,0,0,199408,44491,0.223115421648,0.16547903625,47.7916666667,47.6666666667,0,1,ok
f3f7d62fdb75c034854a0aed4556242847afc5e2,red1,20,0.75,3,3,0.25,2048,16,10,19200,19200,legacy_uncapped,19200,9600,19200,1,Standard OFDM,44,0,0,199452,28260,0.141688225739,0.0533260351136,47.7916666667,47.3,0,1,ok
f3f7d62fdb75c034854a0aed4556242847afc5e2,red1,20,0.75,3,3,0.25,2048,16,10,19200,19200,legacy_uncapped,19200,9600,19200,1,Partial FFT+FEC,44,0,0,199452,39103,0.196052182981,0.0518117183409,47.7916666667,47.3,0,1,ok
f3f7d62fdb75c034854a0aed4556242847afc5e2,red1,20,0.75,3,3,0.25,2048,16,10,19200,19200,legacy_uncapped,19200,9600,19200,1,JUNA-Lite,44,0,0,199452,27660,0.138679983154,0.153633611636,47.7916666667,47.3,0,1,ok
f3f7d62fdb75c034854a0aed4556242847afc5e2,red1,20,0.75,3,3,0.25,2048,16,10,19200,19200,legacy_uncapped,19200,9600,19200,1,JUNA-Wz,44,0,0,199452,39193,0.196503419369,1.08212266932,47.7916666667,47.3,0,1,ok
f3f7d62fdb75c034854a0aed4556242847afc5e2,red1,20,0.75,3,3,0.25,2048,16,10,19200,19200,legacy_uncapped,19200,9600,19200,1,JUNA-WCz,44,0,0,199452,39186,0.196468323206,0.517560175841,47.7916666667,47.3,0,1,ok
f3f7d62fdb75c034854a0aed4556242847afc5e2,red1,20,0.75,3,3,0.5,512,16,10,19200,19200,legacy_uncapped,19200,9600,19200,1,Standard OFDM,173,0,0,387520,61031,0.157491226259,0.00752802321387,47.7916666667,47.575,0,1,ok
f3f7d62fdb75c034854a0aed4556242847afc5e2,red1,20,0.75,3,3,0.5,512,16,10,19200,19200,legacy_uncapped,19200,9600,19200,1,Partial FFT+FEC,173,0,0,387520,128623,0.331913191577,0.00779225980925,47.7916666667,47.575,0,1,ok
f3f7d62fdb75c034854a0aed4556242847afc5e2,red1,20,0.75,3,3,0.5,512,16,10,19200,19200,legacy_uncapped,19200,9600,19200,1,JUNA-Lite,173,0,0,387520,116763,0.301308319571,0.020743166185,47.7916666667,47.575,0,1,ok
f3f7d62fdb75c034854a0aed4556242847afc5e2,red1,20,0.75,3,3,0.5,512,16,10,19200,19200,legacy_uncapped,19200,9600,19200,1,JUNA-Wz,173,0,0,387520,130321,0.336294900908,0.142579084208,47.7916666667,47.575,0,1,ok
f3f7d62fdb75c034854a0aed4556242847afc5e2,red1,20,0.75,3,3,0.5,512,16,10,19200,19200,legacy_uncapped,19200,9600,19200,1,JUNA-WCz,173,0,0,387520,130206,0.335998142031,0.0753023476532,47.7916666667,47.575,0,1,ok
f3f7d62fdb75c034854a0aed4556242847afc5e2,red1,20,0.75,3,3,0.5,1024,16,10,19200,19200,legacy_uncapped,19200,9600,19200,1,Standard OFDM,88,0,0,398904,60839,0.152515392175,0.0193689633864,47.7916666667,47.6666666667,0,1,ok
f3f7d62fdb75c034854a0aed4556242847afc5e2,red1,20,0.75,3,3,0.5,1024,16,10,19200,19200,legacy_uncapped,19200,9600,19200,1,Partial FFT+FEC,88,0,0,398904,114884,0.287999117582,0.0194665231023,47.7916666667,47.6666666667,0,1,ok
f3f7d62fdb75c034854a0aed4556242847afc5e2,red1,20,0.75,3,3,0.5,1024,16,10,19200,19200,legacy_uncapped,19200,9600,19200,1,JUNA-Lite,88,0,0,398904,103136,0.258548422678,0.0541598127045,47.7916666667,47.6666666667,0,1,ok
f3f7d62fdb75c034854a0aed4556242847afc5e2,red1,20,0.75,3,3,0.5,1024,16,10,19200,19200,legacy_uncapped,19200,9600,19200,1,JUNA-Wz,88,0,0,398904,116346,0.291664159798,0.402232556852,47.7916666667,47.6666666667,0,1,ok
f3f7d62fdb75c034854a0aed4556242847afc5e2,red1,20,0.75,3,3,0.5,1024,16,10,19200,19200,legacy_uncapped,19200,9600,19200,1,JUNA-WCz,88,0,0,398904,116305,0.291561378176,0.192533052625,47.7916666667,47.6666666667,0,1,ok
f3f7d62fdb75c034854a0aed4556242847afc5e2,red1,20,0.75,3,3,0.5,2048,16,10,19200,19200,legacy_uncapped,19200,9600,19200,1,Standard OFDM,44,0,0,398904,84224,0.211138519544,0.0649111717955,47.7916666667,47.3,0,1,ok
f3f7d62fdb75c034854a0aed4556242847afc5e2,red1,20,0.75,3,3,0.5,2048,16,10,19200,19200,legacy_uncapped,19200,9600,19200,1,Partial FFT+FEC,44,0,0,398904,108196,0.27123317891,0.0626598664545,47.7916666667,47.3,0,1,ok
f3f7d62fdb75c034854a0aed4556242847afc5e2,red1,20,0.75,3,3,0.5,2048,16,10,19200,19200,legacy_uncapped,19200,9600,19200,1,JUNA-Lite,44,0,0,398904,96831,0.242742614764,0.190956898182,47.7916666667,47.3,0,1,ok
f3f7d62fdb75c034854a0aed4556242847afc5e2,red1,20,0.75,3,3,0.5,2048,16,10,19200,19200,legacy_uncapped,19200,9600,19200,1,JUNA-Wz,44,0,0,398904,109335,0.274088502497,1.34025770052,47.7916666667,47.3,0,1,ok
f3f7d62fdb75c034854a0aed4556242847afc5e2,red1,20,0.75,3,3,0.5,2048,16,10,19200,19200,legacy_uncapped,19200,9600,19200,1,JUNA-WCz,44,0,0,398904,109303,0.274008282695,0.599767965886,47.7916666667,47.3,0,1,ok
5ba868fa89bfe1df4445510f84b7a1cc9eb859ba,red1,20,0.25,8,8,0.0625,512,16,10,19200,19200,min_channel_modem,19200,9600,9600,0.5,Standard OFDM,173,17,0.0982658959538,40828,6181,0.151391202116,0.00311442174566,47.7916666667,47.575,83.9476896251,1,ok
5ba868fa89bfe1df4445510f84b7a1cc9eb859ba,red1,20,0.25,8,8,0.0625,512,16,10,19200,19200,min_channel_modem,19200,9600,9600,0.5,Partial FFT+FEC,173,0,0,40828,15519,0.380106789458,0.00315802966474,47.7916666667,47.575,0,1,ok
5ba868fa89bfe1df4445510f84b7a1cc9eb859ba,red1,20,0.25,8,8,0.0625,512,16,10,19200,19200,min_channel_modem,19200,9600,9600,0.5,JUNA-Lite,173,6,0.0346820809249,40828,6429,0.157465464877,0.00787072330636,47.7916666667,47.575,29.6285963383,1,ok
5ba868fa89bfe1df4445510f84b7a1cc9eb859ba,red1,20,0.25,8,8,0.0625,512,16,10,19200,19200,min_channel_modem,19200,9600,9600,0.5,JUNA-Wz,173,0,0,40828,15558,0.381062016263,0.0486583837514,47.7916666667,47.575,0,1,ok
5ba868fa89bfe1df4445510f84b7a1cc9eb859ba,red1,20,0.25,8,8,0.0625,512,16,10,19200,19200,min_channel_modem,19200,9600,9600,0.5,JUNA-WCz,173,0,0,40828,15158,0.371264818262,0.0315985434451,47.7916666667,47.575,0,1,ok
5ba868fa89bfe1df4445510f84b7a1cc9eb859ba,red1,20,0.25,8,8,0.0625,1024,16,10,19200,19200,min_channel_modem,19200,9600,9600,0.5,Standard OFDM,88,4,0.0454545454545,42328,956,0.0225855225855,0.00702024018182,47.7916666667,47.6666666667,40.2580645161,1,ok
5ba868fa89bfe1df4445510f84b7a1cc9eb859ba,red1,20,0.25,8,8,0.0625,1024,16,10,19200,19200,min_channel_modem,19200,9600,9600,0.5,Partial FFT+FEC,88,0,0,42328,13655,0.3225996976,0.00700868314773,47.7916666667,47.6666666667,0,1,ok
5ba868fa89bfe1df4445510f84b7a1cc9eb859ba,red1,20,0.25,8,8,0.0625,1024,16,10,19200,19200,min_channel_modem,19200,9600,9600,0.5,JUNA-Lite,88,3,0.0340909090909,42328,1248,0.029484029484,0.02040617725,47.7916666667,47.6666666667,30.1935483871,1,ok
5ba868fa89bfe1df4445510f84b7a1cc9eb859ba,red1,20,0.25,8,8,0.0625,1024,16,10,19200,19200,min_channel_modem,19200,9600,9600,0.5,JUNA-Wz,88,0,0,42328,13762,0.325127575128,0.132688316898,47.7916666667,47.6666666667,0,1,ok
5ba868fa89bfe1df4445510f84b7a1cc9eb859ba,red1,20,0.25,8,8,0.0625,1024,16,10,19200,19200,min_channel_modem,19200,9600,9600,0.5,JUNA-WCz,88,0,0,42328,13326,0.314827064827,0.0791168802614,47.7916666667,47.6666666667,0,1,ok
5ba868fa89bfe1df4445510f84b7a1cc9eb859ba,red1,20,0.25,8,8,0.0625,2048,16,10,19200,19200,min_channel_modem,19200,9600,9600,0.5,Standard OFDM,44,0,0,42724,3366,0.0787847579815,0.0162936221818,47.7916666667,47.3,0,1,ok
5ba868fa89bfe1df4445510f84b7a1cc9eb859ba,red1,20,0.25,8,8,0.0625,2048,16,10,19200,19200,min_channel_modem,19200,9600,9600,0.5,Partial FFT+FEC,44,0,0,42724,7294,0.170723715008,0.0163203172955,47.7916666667,47.3,0,1,ok
5ba868fa89bfe1df4445510f84b7a1cc9eb859ba,red1,20,0.25,8,8,0.0625,2048,16,10,19200,19200,min_channel_modem,19200,9600,9600,0.5,JUNA-Lite,44,0,0,42724,708,0.016571482071,0.0566484091364,47.7916666667,47.3,0,1,ok
5ba868fa89bfe1df4445510f84b7a1cc9eb859ba,red1,20,0.25,8,8,0.0625,2048,16,10,19200,19200,min_channel_modem,19200,9600,9600,0.5,JUNA-Wz,44,0,0,42724,7444,0.174234622226,0.321122120591,47.7916666667,47.3,0,1,ok
5ba868fa89bfe1df4445510f84b7a1cc9eb859ba,red1,20,0.25,8,8,0.0625,2048,16,10,19200,19200,min_channel_modem,19200,9600,9600,0.5,JUNA-WCz,44,0,0,42724,7336,0.171706769029,0.193616585682,47.7916666667,47.3,0,1,ok
5ba868fa89bfe1df4445510f84b7a1cc9eb859ba,red1,20,0.25,8,8,0.125,512,16,10,19200,19200,min_channel_modem,19200,9600,9600,0.5,Standard OFDM,173,4,0.0231213872832,81656,5991,0.0733687665328,0.00360396830636,47.7916666667,47.575,39.5047951177,1,ok
5ba868fa89bfe1df4445510f84b7a1cc9eb859ba,red1,20,0.25,8,8,0.125,512,16,10,19200,19200,min_channel_modem,19200,9600,9600,0.5,Partial FFT+FEC,173,0,0,81656,28620,0.350494758499,0.00359340977457,47.7916666667,47.575,0,1,ok
5ba868fa89bfe1df4445510f84b7a1cc9eb859ba,red1,20,0.25,8,8,0.125,512,16,10,19200,19200,min_channel_modem,19200,9600,9600,0.5,JUNA-Lite,173,0,0,81656,6573,0.0804962280788,0.00901288278613,47.7916666667,47.575,0,1,ok
5ba868fa89bfe1df4445510f84b7a1cc9eb859ba,red1,20,0.25,8,8,0.125,512,16,10,19200,19200,min_channel_modem,19200,9600,9600,0.5,JUNA-Wz,173,0,0,81656,28757,0.352172528657,0.054640492659,47.7916666667,47.575,0,1,ok
5ba868fa89bfe1df4445510f84b7a1cc9eb859ba,red1,20,0.25,8,8,0.125,512,16,10,19200,19200,min_channel_modem,19200,9600,9600,0.5,JUNA-WCz,173,0,0,81656,28135,0.344555207211,0.0323454592197,47.7916666667,47.575,0,1,ok
5ba868fa89bfe1df4445510f84b7a1cc9eb859ba,red1,20,0.25,8,8,0.125,1024,16,10,19200,19200,min_channel_modem,19200,9600,9600,0.5,Standard OFDM,88,0,0,84656,1724,0.0203647703648,0.00707940263636,47.7916666667,47.6666666667,0,1,ok
5ba868fa89bfe1df4445510f84b7a1cc9eb859ba,red1,20,0.25,8,8,0.125,1024,16,10,19200,19200,min_channel_modem,19200,9600,9600,0.5,Partial FFT+FEC,88,0,0,84656,26516,0.313220563221,0.00741433914773,47.7916666667,47.6666666667,0,1,ok
5ba868fa89bfe1df4445510f84b7a1cc9eb859ba,red1,20,0.25,8,8,0.125,1024,16,10,19200,19200,min_channel_modem,19200,9600,9600,0.5,JUNA-Lite,88,0,0,84656,2549,0.0301100926101,0.0258745575568,47.7916666667,47.6666666667,0,1,ok
5ba868fa89bfe1df4445510f84b7a1cc9eb859ba,red1,20,0.25,8,8,0.125,1024,16,10,19200,19200,min_channel_modem,19200,9600,9600,0.5,JUNA-Wz,88,0,0,84656,26758,0.316079191079,0.139443543477,47.7916666667,47.6666666667,0,1,ok
5ba868fa89bfe1df4445510f84b7a1cc9eb859ba,red1,20,0.25,8,8,0.125,1024,16,10,19200,19200,min_channel_modem,19200,9600,9600,0.5,JUNA-WCz,88,0,0,84656,26153,0.308932621433,0.0772524490568,47.7916666667,47.6666666667,0,1,ok
5ba868fa89bfe1df4445510f84b7a1cc9eb859ba,red1,20,0.25,8,8,0.125,2048,16,10,19200,19200,min_channel_modem,19200,9600,9600,0.5,Standard OFDM,44,0,0,85448,6788,0.0794401273289,0.0190189643182,47.7916666667,47.3,0,1,ok
5ba868fa89bfe1df4445510f84b7a1cc9eb859ba,red1,20,0.25,8,8,0.125,2048,16,10,19200,19200,min_channel_modem,19200,9600,9600,0.5,Partial FFT+FEC,44,0,0,85448,9247,0.108217863496,0.0192219702045,47.7916666667,47.3,0,1,ok
5ba868fa89bfe1df4445510f84b7a1cc9eb859ba,red1,20,0.25,8,8,0.125,2048,16,10,19200,19200,min_channel_modem,19200,9600,9600,0.5,JUNA-Lite,44,0,0,85448,2340,0.0273850763037,0.0562037363182,47.7916666667,47.3,0,1,ok
5ba868fa89bfe1df4445510f84b7a1cc9eb859ba,red1,20,0.25,8,8,0.125,2048,16,10,19200,19200,min_channel_modem,19200,9600,9600,0.5,JUNA-Wz,44,0,0,85448,9463,0.110745716693,0.390034694409,47.7916666667,47.3,0,1,ok
5ba868fa89bfe1df4445510f84b7a1cc9eb859ba,red1,20,0.25,8,8,0.125,2048,16,10,19200,19200,min_channel_modem,19200,9600,9600,0.5,JUNA-WCz,44,0,0,85448,9335,0.109247729613,0.214099599023,47.7916666667,47.3,0,1,ok
5ba868fa89bfe1df4445510f84b7a1cc9eb859ba,red1,20,0.25,8,8,0.25,512,16,10,19200,19200,min_channel_modem,19200,9600,9600,0.5,Standard OFDM,173,0,0,163485,6904,0.0422301740221,0.00405006452023,47.7916666667,47.575,0,1,ok
5ba868fa89bfe1df4445510f84b7a1cc9eb859ba,red1,20,0.25,8,8,0.25,512,16,10,19200,19200,min_channel_modem,19200,9600,9600,0.5,Partial FFT+FEC,173,0,0,163485,56081,0.343034529162,0.00425439518497,47.7916666667,47.575,0,1,ok
5ba868fa89bfe1df4445510f84b7a1cc9eb859ba,red1,20,0.25,8,8,0.25,512,16,10,19200,19200,min_channel_modem,19200,9600,9600,0.5,JUNA-Lite,173,0,0,163485,9913,0.0606355323118,0.0105733590462,47.7916666667,47.575,0,1,ok
5ba868fa89bfe1df4445510f84b7a1cc9eb859ba,red1,20,0.25,8,8,0.25,512,16,10,19200,19200,min_channel_modem,19200,9600,9600,0.5,JUNA-Wz,173,0,0,163485,56796,0.347408019084,0.065006817185,47.7916666667,47.575,0,1,ok
5ba868fa89bfe1df4445510f84b7a1cc9eb859ba,red1,20,0.25,8,8,0.25,512,16,10,19200,19200,min_channel_modem,19200,9600,9600,0.5,JUNA-WCz,173,0,0,163485,55686,0.340618405358,0.0389352771214,47.7916666667,47.575,0,1,ok
5ba868fa89bfe1df4445510f84b7a1cc9eb859ba,red1,20,0.25,8,8,0.25,1024,16,10,19200,19200,min_channel_modem,19200,9600,9600,0.5,Standard OFDM,88,0,0,169400,2526,0.0149114521842,0.00883441915909,47.7916666667,47.6666666667,0,1,ok
5ba868fa89bfe1df4445510f84b7a1cc9eb859ba,red1,20,0.25,8,8,0.25,1024,16,10,19200,19200,min_channel_modem,19200,9600,9600,0.5,Partial FFT+FEC,88,0,0,169400,52342,0.308984651712,0.00967525460227,47.7916666667,47.6666666667,0,1,ok
5ba868fa89bfe1df4445510f84b7a1cc9eb859ba,red1,20,0.25,8,8,0.25,1024,16,10,19200,19200,min_channel_modem,19200,9600,9600,0.5,JUNA-Lite,88,0,0,169400,4329,0.0255548996458,0.0323034276136,47.7916666667,47.6666666667,0,1,ok
5ba868fa89bfe1df4445510f84b7a1cc9eb859ba,red1,20,0.25,8,8,0.25,1024,16,10,19200,19200,min_channel_modem,19200,9600,9600,0.5,JUNA-Wz,88,0,0,169400,52984,0.312774498229,0.17420310725,47.7916666667,47.6666666667,0,1,ok
5ba868fa89bfe1df4445510f84b7a1cc9eb859ba,red1,20,0.25,8,8,0.25,1024,16,10,19200,19200,min_channel_modem,19200,9600,9600,0.5,JUNA-WCz,88,0,0,169400,52219,0.308258559622,0.0918420039773,47.7916666667,47.6666666667,0,1,ok
5ba868fa89bfe1df4445510f84b7a1cc9eb859ba,red1,20,0.25,8,8,0.25,2048,16,10,19200,19200,min_channel_modem,19200,9600,9600,0.5,Standard OFDM,44,0,0,170940,12005,0.0702293202293,0.02271553575,47.7916666667,47.3,0,1,ok
5ba868fa89bfe1df4445510f84b7a1cc9eb859ba,red1,20,0.25,8,8,0.25,2048,16,10,19200,19200,min_channel_modem,19200,9600,9600,0.5,Partial FFT+FEC,44,0,0,170940,18925,0.110711360711,0.0232618913864,47.7916666667,47.3,0,1,ok
5ba868fa89bfe1df4445510f84b7a1cc9eb859ba,red1,20,0.25,8,8,0.25,2048,16,10,19200,19200,min_channel_modem,19200,9600,9600,0.5,JUNA-Lite,44,0,0,170940,9671,0.0565754065754,0.0672322934091,47.7916666667,47.3,0,1,ok
5ba868fa89bfe1df4445510f84b7a1cc9eb859ba,red1,20,0.25,8,8,0.25,2048,16,10,19200,19200,min_channel_modem,19200,9600,9600,0.5,JUNA-Wz,44,0,0,170940,19100,0.111735111735,0.485997953886,47.7916666667,47.3,0,1,ok
5ba868fa89bfe1df4445510f84b7a1cc9eb859ba,red1,20,0.25,8,8,0.25,2048,16,10,19200,19200,min_channel_modem,19200,9600,9600,0.5,JUNA-WCz,44,0,0,170940,18954,0.110881010881,0.263732101591,47.7916666667,47.3,0,1,ok
5ba868fa89bfe1df4445510f84b7a1cc9eb859ba,red1,20,0.25,8,8,0.5,512,16,10,19200,19200,min_channel_modem,19200,9600,9600,0.5,Standard OFDM,173,0,0,326970,15837,0.0484356362969,0.00444801360694,47.7916666667,47.575,0,1,ok
5ba868fa89bfe1df4445510f84b7a1cc9eb859ba,red1,20,0.25,8,8,0.5,512,16,10,19200,19200,min_channel_modem,19200,9600,9600,0.5,Partial FFT+FEC,173,0,0,326970,121438,0.371404104352,0.00447889424277,47.7916666667,47.575,0,1,ok
5ba868fa89bfe1df4445510f84b7a1cc9eb859ba,red1,20,0.25,8,8,0.5,512,16,10,19200,19200,min_channel_modem,19200,9600,9600,0.5,JUNA-Lite,173,0,0,326970,82343,0.251836559929,0.0100295980983,47.7916666667,47.575,0,1,ok
5ba868fa89bfe1df4445510f84b7a1cc9eb859ba,red1,20,0.25,8,8,0.5,512,16,10,19200,19200,min_channel_modem,19200,9600,9600,0.5,JUNA-Wz,173,0,0,326970,122972,0.376095666269,0.0741597015954,47.7916666667,47.575,0,1,ok
5ba868fa89bfe1df4445510f84b7a1cc9eb859ba,red1,20,0.25,8,8,0.5,512,16,10,19200,19200,min_channel_modem,19200,9600,9600,0.5,JUNA-WCz,173,0,0,326970,121848,0.372658042022,0.0410997841156,47.7916666667,47.575,0,1,ok
5ba868fa89bfe1df4445510f84b7a1cc9eb859ba,red1,20,0.25,8,8,0.5,1024,16,10,19200,19200,min_channel_modem,19200,9600,9600,0.5,Standard OFDM,88,0,0,338800,6982,0.0206080283353,0.00978142220455,47.7916666667,47.6666666667,0,1,ok
5ba868fa89bfe1df4445510f84b7a1cc9eb859ba,red1,20,0.25,8,8,0.5,1024,16,10,19200,19200,min_channel_modem,19200,9600,9600,0.5,Partial FFT+FEC,88,0,0,338800,116586,0.344114521842,0.00965239240909,47.7916666667,47.6666666667,0,1,ok
5ba868fa89bfe1df4445510f84b7a1cc9eb859ba,red1,20,0.25,8,8,0.5,1024,16,10,19200,19200,min_channel_modem,19200,9600,9600,0.5,JUNA-Lite,88,0,0,338800,54642,0.161280991736,0.0313518456477,47.7916666667,47.6666666667,0,1,ok
5ba868fa89bfe1df4445510f84b7a1cc9eb859ba,red1,20,0.25,8,8,0.5,1024,16,10,19200,19200,min_channel_modem,19200,9600,9600,0.5,JUNA-Wz,88,0,0,338800,118378,0.34940377804,0.20717251833,47.7916666667,47.6666666667,0,1,ok
5ba868fa89bfe1df4445510f84b7a1cc9eb859ba,red1,20,0.25,8,8,0.5,1024,16,10,19200,19200,min_channel_modem,19200,9600,9600,0.5,JUNA-WCz,88,0,0,338800,117461,0.34669716647,0.101536180966,47.7916666667,47.6666666667,0,1,ok
5ba868fa89bfe1df4445510f84b7a1cc9eb859ba,red1,20,0.25,8,8,0.5,2048,16,10,19200,19200,min_channel_modem,19200,9600,9600,0.5,Standard OFDM,44,0,0,341880,27210,0.0795893295893,0.02691051975,47.7916666667,47.3,0,1,ok
5ba868fa89bfe1df4445510f84b7a1cc9eb859ba,red1,20,0.25,8,8,0.5,2048,16,10,19200,19200,min_channel_modem,19200,9600,9600,0.5,Partial FFT+FEC,44,0,0,341880,42679,0.124836199836,0.0279777368636,47.7916666667,47.3,0,1,ok
5ba868fa89bfe1df4445510f84b7a1cc9eb859ba,red1,20,0.25,8,8,0.5,2048,16,10,19200,19200,min_channel_modem,19200,9600,9600,0.5,JUNA-Lite,44,0,0,341880,14722,0.0430618930619,0.0891434642955,47.7916666667,47.3,0,1,ok
5ba868fa89bfe1df4445510f84b7a1cc9eb859ba,red1,20,0.25,8,8,0.5,2048,16,10,19200,19200,min_channel_modem,19200,9600,9600,0.5,JUNA-Wz,44,0,0,341880,43682,0.12776997777,0.580366629455,47.7916666667,47.3,0,1,ok
5ba868fa89bfe1df4445510f84b7a1cc9eb859ba,red1,20,0.25,8,8,0.5,2048,16,10,19200,19200,min_channel_modem,19200,9600,9600,0.5,JUNA-WCz,44,0,0,341880,43412,0.12698022698,0.252182563523,47.7916666667,47.3,0,1,ok
5ba868fa89bfe1df4445510f84b7a1cc9eb859ba,red1,20,0.5,4,4,0.0625,512,16,10,19200,19200,min_channel_modem,19200,9600,9600,0.5,Standard OFDM,173,62,0.35838150289,29756,5495,0.184668638258,0.00258482044509,47.7916666667,47.575,223.135135135,1,ok
5ba868fa89bfe1df4445510f84b7a1cc9eb859ba,red1,20,0.5,4,4,0.0625,512,16,10,19200,19200,min_channel_modem,19200,9600,9600,0.5,Partial FFT+FEC,173,0,0,29756,11674,0.392324237129,0.00303056693642,47.7916666667,47.575,0,1,ok
5ba868fa89bfe1df4445510f84b7a1cc9eb859ba,red1,20,0.5,4,4,0.0625,512,16,10,19200,19200,min_channel_modem,19200,9600,9600,0.5,JUNA-Lite,173,16,0.0924855491329,29756,5910,0.198615405296,0.00677886914451,47.7916666667,47.575,57.58326068,1,ok
5ba868fa89bfe1df4445510f84b7a1cc9eb859ba,red1,20,0.5,4,4,0.0625,512,16,10,19200,19200,min_channel_modem,19200,9600,9600,0.5,JUNA-Wz,173,0,0,29756,11744,0.394676703858,0.0381648810058,47.7916666667,47.575,0,1,ok
5ba868fa89bfe1df4445510f84b7a1cc9eb859ba,red1,20,0.5,4,4,0.0625,512,16,10,19200,19200,min_channel_modem,19200,9600,9600,0.5,JUNA-WCz,173,0,0,29756,11448,0.384729130259,0.0281863290578,47.7916666667,47.575,0,1,ok
5ba868fa89bfe1df4445510f84b7a1cc9eb859ba,red1,20,0.5,4,4,0.0625,1024,16,10,19200,19200,min_channel_modem,19200,9600,9600,0.5,Standard OFDM,88,19,0.215909090909,30976,235,0.00758651859504,0.00654918344318,47.7916666667,47.6666666667,139.940714908,1,ok
5ba868fa89bfe1df4445510f84b7a1cc9eb859ba,red1,20,0.5,4,4,0.0625,1024,16,10,19200,19200,min_channel_modem,19200,9600,9600,0.5,Partial FFT+FEC,88,0,0,30976,5113,0.165063274793,0.00755103997727,47.7916666667,47.6666666667,0,1,ok
5ba868fa89bfe1df4445510f84b7a1cc9eb859ba,red1,20,0.5,4,4,0.0625,1024,16,10,19200,19200,min_channel_modem,19200,9600,9600,0.5,JUNA-Lite,88,38,0.431818181818,30976,385,0.0124289772727,0.0224686637614,47.7916666667,47.6666666667,279.881429817,1,ok
5ba868fa89bfe1df4445510f84b7a1cc9eb859ba,red1,20,0.5,4,4,0.0625,1024,16,10,19200,19200,min_channel_modem,19200,9600,9600,0.5,JUNA-Wz,88,0,0,30976,5230,0.168840392562,0.121935000034,47.7916666667,47.6666666667,0,1,ok
5ba868fa89bfe1df4445510f84b7a1cc9eb859ba,red1,20,0.5,4,4,0.0625,1024,16,10,19200,19200,min_channel_modem,19200,9600,9600,0.5,JUNA-WCz,88,0,0,30976,5143,0.166031766529,0.0751714848636,47.7916666667,47.6666666667,0,1,ok
5ba868fa89bfe1df4445510f84b7a1cc9eb859ba,red1,20,0.5,4,4,0.0625,2048,16,10,19200,19200,min_channel_modem,19200,9600,9600,0.5,Standard OFDM,44,0,0,31328,2133,0.0680860572012,0.0149626404545,47.7916666667,47.3,0,1,ok
5ba868fa89bfe1df4445510f84b7a1cc9eb859ba,red1,20,0.5,4,4,0.0625,2048,16,10,19200,19200,min_channel_modem,19200,9600,9600,0.5,Partial FFT+FEC,44,0,0,31328,4291,0.136970122574,0.0150090140682,47.7916666667,47.3,0,1,ok
5ba868fa89bfe1df4445510f84b7a1cc9eb859ba,red1,20,0.5,4,4,0.0625,2048,16,10,19200,19200,min_channel_modem,19200,9600,9600,0.5,JUNA-Lite,44,13,0.295454545455,31328,1159,0.0369956588355,0.0405414994545,47.7916666667,47.3,193.673931997,1,ok
5ba868fa89bfe1df4445510f84b7a1cc9eb859ba,red1,20,0.5,4,4,0.0625,2048,16,10,19200,19200,min_channel_modem,19200,9600,9600,0.5,JUNA-Wz,44,0,0,31328,4374,0.139619509704,0.283563887773,47.7916666667,47.3,0,1,ok
5ba868fa89bfe1df4445510f84b7a1cc9eb859ba,red1,20,0.5,4,4,0.0625,2048,16,10,19200,19200,min_channel_modem,19200,9600,9600,0.5,JUNA-WCz,44,0,0,31328,4334,0.138342696629,0.158265074455,47.7916666667,47.3,0,1,ok
5ba868fa89bfe1df4445510f84b7a1cc9eb859ba,red1,20,0.5,4,4,0.125,512,16,10,19200,19200,min_channel_modem,19200,9600,9600,0.5,Standard OFDM,173,61,0.352601156069,59685,4479,0.0750439808997,0.00309105838728,47.7916666667,47.575,440.348735833,1,ok
5ba868fa89bfe1df4445510f84b7a1cc9eb859ba,red1,20,0.5,4,4,0.125,512,16,10,19200,19200,min_channel_modem,19200,9600,9600,0.5,Partial FFT+FEC,173,0,0,59685,20278,0.339750356036,0.00359038419075,47.7916666667,47.575,0,1,ok
5ba868fa89bfe1df4445510f84b7a1cc9eb859ba,red1,20,0.5,4,4,0.125,512,16,10,19200,19200,min_channel_modem,19200,9600,9600,0.5,JUNA-Lite,173,5,0.028901734104,59685,5481,0.0918321186228,0.00840873466474,47.7916666667,47.575,36.0941586748,1,ok
5ba868fa89bfe1df4445510f84b7a1cc9eb859ba,red1,20,0.5,4,4,0.125,512,16,10,19200,19200,min_channel_modem,19200,9600,9600,0.5,JUNA-Wz,173,0,0,59685,20401,0.341811175337,0.0509208290405,47.7916666667,47.575,0,1,ok
5ba868fa89bfe1df4445510f84b7a1cc9eb859ba,red1,20,0.5,4,4,0.125,512,16,10,19200,19200,min_channel_modem,19200,9600,9600,0.5,JUNA-WCz,173,0,0,59685,19925,0.333835972187,0.0328073441908,47.7916666667,47.575,0,1,ok
5ba868fa89bfe1df4445510f84b7a1cc9eb859ba,red1,20,0.5,4,4,0.125,1024,16,10,19200,19200,min_channel_modem,19200,9600,9600,0.5,Standard OFDM,88,17,0.193181818182,62040,322,0.00519019987105,0.00682212540909,47.7916666667,47.6666666667,250.775937228,1,ok
5ba868fa89bfe1df4445510f84b7a1cc9eb859ba,red1,20,0.5,4,4,0.125,1024,16,10,19200,19200,min_channel_modem,19200,9600,9600,0.5,Partial FFT+FEC,88,0,0,62040,7022,0.113185041908,0.00787363460227,47.7916666667,47.6666666667,0,1,ok
5ba868fa89bfe1df4445510f84b7a1cc9eb859ba,red1,20,0.5,4,4,0.125,1024,16,10,19200,19200,min_channel_modem,19200,9600,9600,0.5,JUNA-Lite,88,15,0.170454545455,62040,772,0.012443584784,0.0206784427045,47.7916666667,47.6666666667,221.272885789,1,ok
5ba868fa89bfe1df4445510f84b7a1cc9eb859ba,red1,20,0.5,4,4,0.125,1024,16,10,19200,19200,min_channel_modem,19200,9600,9600,0.5,JUNA-Wz,88,0,0,62040,7176,0.115667311412,0.133136791364,47.7916666667,47.6666666667,0,1,ok
5ba868fa89bfe1df4445510f84b7a1cc9eb859ba,red1,20,0.5,4,4,0.125,1024,16,10,19200,19200,min_channel_modem,19200,9600,9600,0.5,JUNA-WCz,88,0,0,62040,7077,0.114071566731,0.0770000900682,47.7916666667,47.6666666667,0,1,ok
5ba868fa89bfe1df4445510f84b7a1cc9eb859ba,red1,20,0.5,4,4,0.125,2048,16,10,19200,19200,min_channel_modem,19200,9600,9600,0.5,Standard OFDM,44,0,0,62700,3777,0.0602392344498,0.0195211299318,47.7916666667,47.3,0,1,ok
5ba868fa89bfe1df4445510f84b7a1cc9eb859ba,red1,20,0.5,4,4,0.125,2048,16,10,19200,19200,min_channel_modem,19200,9600,9600,0.5,Partial FFT+FEC,44,0,0,62700,5885,0.0938596491228,0.0307404077955,47.7916666667,47.3,0,1,ok
5ba868fa89bfe1df4445510f84b7a1cc9eb859ba,red1,20,0.5,4,4,0.125,2048,16,10,19200,19200,min_channel_modem,19200,9600,9600,0.5,JUNA-Lite,44,3,0.0681818181818,62700,2537,0.0404625199362,0.0530774587955,47.7916666667,47.3,89.4507410636,1,ok
5ba868fa89bfe1df4445510f84b7a1cc9eb859ba,red1,20,0.5,4,4,0.125,2048,16,10,19200,19200,min_channel_modem,19200,9600,9600,0.5,JUNA-Wz,44,0,0,62700,5986,0.0954704944179,0.36099960075,47.7916666667,47.3,0,1,ok
5ba868fa89bfe1df4445510f84b7a1cc9eb859ba,red1,20,0.5,4,4,0.125,2048,16,10,19200,19200,min_channel_modem,19200,9600,9600,0.5,JUNA-WCz,44,0,0,62700,5931,0.0945933014354,0.175284366909,47.7916666667,47.3,0,1,ok
5ba868fa89bfe1df4445510f84b7a1cc9eb859ba,red1,20,0.5,4,4,0.25,512,16,10,19200,19200,min_channel_modem,19200,9600,9600,0.5,Standard OFDM,173,40,0.231213872832,119370,2329,0.0195107648488,0.00368241742775,47.7916666667,47.575,577.506538797,1,ok
5ba868fa89bfe1df4445510f84b7a1cc9eb859ba,red1,20,0.5,4,4,0.25,512,16,10,19200,19200,min_channel_modem,19200,9600,9600,0.5,Partial FFT+FEC,173,0,0,119370,37656,0.31545614476,0.00399106204046,47.7916666667,47.575,0,1,ok
5ba868fa89bfe1df4445510f84b7a1cc9eb859ba,red1,20,0.5,4,4,0.25,512,16,10,19200,19200,min_channel_modem,19200,9600,9600,0.5,JUNA-Lite,173,0,0,119370,6796,0.0569322275279,0.0101765520809,47.7916666667,47.575,0,1,ok
5ba868fa89bfe1df4445510f84b7a1cc9eb859ba,red1,20,0.5,4,4,0.25,512,16,10,19200,19200,min_channel_modem,19200,9600,9600,0.5,JUNA-Wz,173,0,0,119370,38116,0.319309709307,0.0633328063179,47.7916666667,47.575,0,1,ok
5ba868fa89bfe1df4445510f84b7a1cc9eb859ba,red1,20,0.5,4,4,0.25,512,16,10,19200,19200,min_channel_modem,19200,9600,9600,0.5,JUNA-WCz,173,0,0,119370,37444,0.313680154143,0.0385535716994,47.7916666667,47.575,0,1,ok
5ba868fa89bfe1df4445510f84b7a1cc9eb859ba,red1,20,0.5,4,4,0.25,1024,16,10,19200,19200,min_channel_modem,19200,9600,9600,0.5,Standard OFDM,88,6,0.0681818181818,124080,1231,0.00992101869761,0.00927824779545,47.7916666667,47.6666666667,177.018308631,1,ok
5ba868fa89bfe1df4445510f84b7a1cc9eb859ba,red1,20,0.5,4,4,0.25,1024,16,10,19200,19200,min_channel_modem,19200,9600,9600,0.5,Partial FFT+FEC,88,0,0,124080,9692,0.078110896196,0.00844075628409,47.7916666667,47.6666666667,0,1,ok
5ba868fa89bfe1df4445510f84b7a1cc9eb859ba,red1,20,0.5,4,4,0.25,1024,16,10,19200,19200,min_channel_modem,19200,9600,9600,0.5,JUNA-Lite,88,4,0.0454545454545,124080,1785,0.0143858800774,0.0243320569318,47.7916666667,47.6666666667,118.012205754,1,ok
5ba868fa89bfe1df4445510f84b7a1cc9eb859ba,red1,20,0.5,4,4,0.25,1024,16,10,19200,19200,min_channel_modem,19200,9600,9600,0.5,JUNA-Wz,88,0,0,124080,9786,0.0788684719536,0.153897337352,47.7916666667,47.6666666667,0,1,ok
5ba868fa89bfe1df4445510f84b7a1cc9eb859ba,red1,20,0.5,4,4,0.25,1024,16,10,19200,19200,min_channel_modem,19200,9600,9600,0.5,JUNA-WCz,88,0,0,124080,9662,0.0778691166989,0.084156865625,47.7916666667,47.6666666667,0,1,ok
5ba868fa89bfe1df4445510f84b7a1cc9eb859ba,red1,20,0.5,4,4,0.25,2048,16,10,19200,19200,min_channel_modem,19200,9600,9600,0.5,Standard OFDM,44,0,0,125400,4180,0.0333333333333,0.0209475847045,47.7916666667,47.3,0,1,ok
5ba868fa89bfe1df4445510f84b7a1cc9eb859ba,red1,20,0.5,4,4,0.25,2048,16,10,19200,19200,min_channel_modem,19200,9600,9600,0.5,Partial FFT+FEC,44,0,0,125400,4393,0.0350318979266,0.0210944450682,47.7916666667,47.3,0,1,ok
5ba868fa89bfe1df4445510f84b7a1cc9eb859ba,red1,20,0.5,4,4,0.25,2048,16,10,19200,19200,min_channel_modem,19200,9600,9600,0.5,JUNA-Lite,44,0,0,125400,1800,0.0143540669856,0.0709318608864,47.7916666667,47.3,0,1,ok
5ba868fa89bfe1df4445510f84b7a1cc9eb859ba,red1,20,0.5,4,4,0.25,2048,16,10,19200,19200,min_channel_modem,19200,9600,9600,0.5,JUNA-Wz,44,0,0,125400,4407,0.0351435406699,0.407106583295,47.7916666667,47.3,0,1,ok
5ba868fa89bfe1df4445510f84b7a1cc9eb859ba,red1,20,0.5,4,4,0.25,2048,16,10,19200,19200,min_channel_modem,19200,9600,9600,0.5,JUNA-WCz,44,0,0,125400,4372,0.0348644338118,0.231390690136,47.7916666667,47.3,0,1,ok
5ba868fa89bfe1df4445510f84b7a1cc9eb859ba,red1,20,0.5,4,4,0.5,512,16,10,19200,19200,min_channel_modem,19200,9600,9600,0.5,Standard OFDM,173,7,0.0404624277457,238740,6308,0.0264220490911,0.00418676017919,47.7916666667,47.575,202.127288579,1,ok
5ba868fa89bfe1df4445510f84b7a1cc9eb859ba,red1,20,0.5,4,4,0.5,512,16,10,19200,19200,min_channel_modem,19200,9600,9600,0.5,Partial FFT+FEC,173,0,0,238740,83169,0.348366423725,0.00436080353757,47.7916666667,47.575,0,1,ok
5ba868fa89bfe1df4445510f84b7a1cc9eb859ba,red1,20,0.5,4,4,0.5,512,16,10,19200,19200,min_channel_modem,19200,9600,9600,0.5,JUNA-Lite,173,0,0,238740,54735,0.229266147273,0.00973549027168,47.7916666667,47.575,0,1,ok
5ba868fa89bfe1df4445510f84b7a1cc9eb859ba,red1,20,0.5,4,4,0.5,512,16,10,19200,19200,min_channel_modem,19200,9600,9600,0.5,JUNA-Wz,173,0,0,238740,84209,0.352722627126,0.0692818661503,47.7916666667,47.575,0,1,ok
5ba868fa89bfe1df4445510f84b7a1cc9eb859ba,red1,20,0.5,4,4,0.5,512,16,10,19200,19200,min_channel_modem,19200,9600,9600,0.5,JUNA-WCz,173,0,0,238740,83440,0.349501549803,0.0401741701214,47.7916666667,47.575,0,1,ok
5ba868fa89bfe1df4445510f84b7a1cc9eb859ba,red1,20,0.5,4,4,0.5,1024,16,10,19200,19200,min_channel_modem,19200,9600,9600,0.5,Standard OFDM,88,1,0.0113636363636,248160,11580,0.04666344294,0.00989833771591,47.7916666667,47.6666666667,59.0061028771,1,ok
5ba868fa89bfe1df4445510f84b7a1cc9eb859ba,red1,20,0.5,4,4,0.5,1024,16,10,19200,19200,min_channel_modem,19200,9600,9600,0.5,Partial FFT+FEC,88,0,0,248160,34758,0.140062862669,0.0100732273182,47.7916666667,47.6666666667,0,1,ok
5ba868fa89bfe1df4445510f84b7a1cc9eb859ba,red1,20,0.5,4,4,0.5,1024,16,10,19200,19200,min_channel_modem,19200,9600,9600,0.5,JUNA-Lite,88,0,0,248160,16458,0.0663201160542,0.0271041413977,47.7916666667,47.6666666667,0,1,ok
5ba868fa89bfe1df4445510f84b7a1cc9eb859ba,red1,20,0.5,4,4,0.5,1024,16,10,19200,19200,min_channel_modem,19200,9600,9600,0.5,JUNA-Wz,88,0,0,248160,35314,0.142303352676,0.182399092557,47.7916666667,47.6666666667,0,1,ok
5ba868fa89bfe1df4445510f84b7a1cc9eb859ba,red1,20,0.5,4,4,0.5,1024,16,10,19200,19200,min_channel_modem,19200,9600,9600,0.5,JUNA-WCz,88,0,0,248160,35122,0.141529658285,0.0946642076818,47.7916666667,47.6666666667,0,1,ok
5ba868fa89bfe1df4445510f84b7a1cc9eb859ba,red1,20,0.5,4,4,0.5,2048,16,10,19200,19200,min_channel_modem,19200,9600,9600,0.5,Standard OFDM,44,0,0,250800,13906,0.0554465709729,0.0260827515,47.7916666667,47.3,0,1,ok
5ba868fa89bfe1df4445510f84b7a1cc9eb859ba,red1,20,0.5,4,4,0.5,2048,16,10,19200,19200,min_channel_modem,19200,9600,9600,0.5,Partial FFT+FEC,44,0,0,250800,13195,0.0526116427432,0.0279718538864,47.7916666667,47.3,0,1,ok
5ba868fa89bfe1df4445510f84b7a1cc9eb859ba,red1,20,0.5,4,4,0.5,2048,16,10,19200,19200,min_channel_modem,19200,9600,9600,0.5,JUNA-Lite,44,0,0,250800,8084,0.0322328548644,0.0895252042045,47.7916666667,47.3,0,1,ok
5ba868fa89bfe1df4445510f84b7a1cc9eb859ba,red1,20,0.5,4,4,0.5,2048,16,10,19200,19200,min_channel_modem,19200,9600,9600,0.5,JUNA-Wz,44,0,0,250800,13289,0.0529864433812,0.620488556023,47.7916666667,47.3,0,1,ok
5ba868fa89bfe1df4445510f84b7a1cc9eb859ba,red1,20,0.5,4,4,0.5,2048,16,10,19200,19200,min_channel_modem,19200,9600,9600,0.5,JUNA-WCz,44,0,0,250800,13257,0.0528588516746,0.272230917682,47.7916666667,47.3,0,1,ok
5ba868fa89bfe1df4445510f84b7a1cc9eb859ba,red1,20,0.75,3,3,0.0625,512,16,10,19200,19200,min_channel_modem,19200,9600,9600,0.5,Standard OFDM,173,102,0.589595375723,24220,3545,0.146366639141,0.00288627645665,47.7916666667,47.575,298.796861378,1,ok
5ba868fa89bfe1df4445510f84b7a1cc9eb859ba,red1,20,0.75,3,3,0.0625,512,16,10,19200,19200,min_channel_modem,19200,9600,9600,0.5,Partial FFT+FEC,173,0,0,24220,5823,0.240421139554,0.00305103151445,47.7916666667,47.575,0,1,ok
5ba868fa89bfe1df4445510f84b7a1cc9eb859ba,red1,20,0.75,3,3,0.0625,512,16,10,19200,19200,min_channel_modem,19200,9600,9600,0.5,JUNA-Lite,173,47,0.271676300578,24220,3809,0.157266721718,0.00627130848555,47.7916666667,47.575,137.680906713,1,ok
5ba868fa89bfe1df4445510f84b7a1cc9eb859ba,red1,20,0.75,3,3,0.0625,512,16,10,19200,19200,min_channel_modem,19200,9600,9600,0.5,JUNA-Wz,173,0,0,24220,5848,0.241453344344,0.036276860341,47.7916666667,47.575,0,1,ok
5ba868fa89bfe1df4445510f84b7a1cc9eb859ba,red1,20,0.75,3,3,0.0625,512,16,10,19200,19200,min_channel_modem,19200,9600,9600,0.5,JUNA-WCz,173,0,0,24220,5796,0.239306358382,0.0267721650347,47.7916666667,47.575,0,1,ok
5ba868fa89bfe1df4445510f84b7a1cc9eb859ba,red1,20,0.75,3,3,0.0625,1024,16,10,19200,19200,min_channel_modem,19200,9600,9600,0.5,Standard OFDM,88,58,0.659090909091,24640,92,0.00373376623377,0.004468887,47.7916666667,47.6666666667,339.808195292,1,ok
5ba868fa89bfe1df4445510f84b7a1cc9eb859ba,red1,20,0.75,3,3,0.0625,1024,16,10,19200,19200,min_channel_modem,19200,9600,9600,0.5,Partial FFT+FEC,88,1,0.0113636363636,24640,1269,0.0515016233766,0.00572652697727,47.7916666667,47.6666666667,5.85876198779,1,ok
5ba868fa89bfe1df4445510f84b7a1cc9eb859ba,red1,20,0.75,3,3,0.0625,1024,16,10,19200,19200,min_channel_modem,19200,9600,9600,0.5,JUNA-Lite,88,50,0.568181818182,24640,395,0.0160308441558,0.0126429280227,47.7916666667,47.6666666667,292.93809939,1,ok
5ba868fa89bfe1df4445510f84b7a1cc9eb859ba,red1,20,0.75,3,3,0.0625,1024,16,10,19200,19200,min_channel_modem,19200,9600,9600,0.5,JUNA-Wz,88,0,0,24640,1275,0.0517451298701,0.0794258944091,47.7916666667,47.6666666667,0,1,ok
5ba868fa89bfe1df4445510f84b7a1cc9eb859ba,red1,20,0.75,3,3,0.0625,1024,16,10,19200,19200,min_channel_modem,19200,9600,9600,0.5,JUNA-WCz,88,0,0,24640,1266,0.0513798701299,0.0562262793977,47.7916666667,47.6666666667,0,1,ok
5ba868fa89bfe1df4445510f84b7a1cc9eb859ba,red1,20,0.75,3,3,0.0625,2048,16,10,19200,19200,min_channel_modem,19200,9600,9600,0.5,Standard OFDM,44,0,0,24904,430,0.017266302602,0.0119556140227,47.7916666667,47.3,0,1,ok
5ba868fa89bfe1df4445510f84b7a1cc9eb859ba,red1,20,0.75,3,3,0.0625,2048,16,10,19200,19200,min_channel_modem,19200,9600,9600,0.5,Partial FFT+FEC,44,0,0,24904,945,0.0379457115323,0.0128850840909,47.7916666667,47.3,0,1,ok
5ba868fa89bfe1df4445510f84b7a1cc9eb859ba,red1,20,0.75,3,3,0.0625,2048,16,10,19200,19200,min_channel_modem,19200,9600,9600,0.5,JUNA-Lite,44,17,0.386363636364,24904,529,0.0212415676197,0.0309472695455,47.7916666667,47.3,201.332170881,1,ok
5ba868fa89bfe1df4445510f84b7a1cc9eb859ba,red1,20,0.75,3,3,0.0625,2048,16,10,19200,19200,min_channel_modem,19200,9600,9600,0.5,JUNA-Wz,44,0,0,24904,941,0.0377850947639,0.185177569477,47.7916666667,47.3,0,1,ok
5ba868fa89bfe1df4445510f84b7a1cc9eb859ba,red1,20,0.75,3,3,0.0625,2048,16,10,19200,19200,min_channel_modem,19200,9600,9600,0.5,JUNA-WCz,44,0,0,24904,935,0.0375441696113,0.107889549318,47.7916666667,47.3,0,1,ok
5ba868fa89bfe1df4445510f84b7a1cc9eb859ba,red1,20,0.75,3,3,0.125,512,16,10,19200,19200,min_channel_modem,19200,9600,9600,0.5,Standard OFDM,173,114,0.658959537572,48440,2109,0.0435383980182,0.00269326273988,47.7916666667,47.575,667.898866609,1,ok
5ba868fa89bfe1df4445510f84b7a1cc9eb859ba,red1,20,0.75,3,3,0.125,512,16,10,19200,19200,min_channel_modem,19200,9600,9600,0.5,Partial FFT+FEC,173,0,0,48440,7945,0.16401734104,0.0031636420578,47.7916666667,47.575,0,1,ok
5ba868fa89bfe1df4445510f84b7a1cc9eb859ba,red1,20,0.75,3,3,0.125,512,16,10,19200,19200,min_channel_modem,19200,9600,9600,0.5,JUNA-Lite,173,20,0.115606936416,48440,3077,0.0635218827415,0.00777120824277,47.7916666667,47.575,117.175239756,1,ok
5ba868fa89bfe1df4445510f84b7a1cc9eb859ba,red1,20,0.75,3,3,0.125,512,16,10,19200,19200,min_channel_modem,19200,9600,9600,0.5,JUNA-Wz,173,0,0,48440,7974,0.164616019818,0.0425232717977,47.7916666667,47.575,0,1,ok
5ba868fa89bfe1df4445510f84b7a1cc9eb859ba,red1,20,0.75,3,3,0.125,512,16,10,19200,19200,min_channel_modem,19200,9600,9600,0.5,JUNA-WCz,173,0,0,48440,7882,0.162716763006,0.0292291032775,47.7916666667,47.575,0,1,ok
5ba868fa89bfe1df4445510f84b7a1cc9eb859ba,red1,20,0.75,3,3,0.125,1024,16,10,19200,19200,min_channel_modem,19200,9600,9600,0.5,Standard OFDM,88,28,0.318181818182,49280,313,0.00635146103896,0.00532038252273,47.7916666667,47.6666666667,328.090671316,1,ok
5ba868fa89bfe1df4445510f84b7a1cc9eb859ba,red1,20,0.75,3,3,0.125,1024,16,10,19200,19200,min_channel_modem,19200,9600,9600,0.5,Partial FFT+FEC,88,0,0,49280,2417,0.0490462662338,0.00605079792045,47.7916666667,47.6666666667,0,1,ok
5ba868fa89bfe1df4445510f84b7a1cc9eb859ba,red1,20,0.75,3,3,0.125,1024,16,10,19200,19200,min_channel_modem,19200,9600,9600,0.5,JUNA-Lite,88,28,0.318181818182,49280,1029,0.0208806818182,0.0144179906818,47.7916666667,47.6666666667,328.090671316,1,ok
5ba868fa89bfe1df4445510f84b7a1cc9eb859ba,red1,20,0.75,3,3,0.125,1024,16,10,19200,19200,min_channel_modem,19200,9600,9600,0.5,JUNA-Wz,88,0,0,49280,2436,0.0494318181818,0.0869848158409,47.7916666667,47.6666666667,0,1,ok
5ba868fa89bfe1df4445510f84b7a1cc9eb859ba,red1,20,0.75,3,3,0.125,1024,16,10,19200,19200,min_channel_modem,19200,9600,9600,0.5,JUNA-WCz,88,0,0,49280,2408,0.0488636363636,0.0559530275455,47.7916666667,47.6666666667,0,1,ok
5ba868fa89bfe1df4445510f84b7a1cc9eb859ba,red1,20,0.75,3,3,0.125,2048,16,10,19200,19200,min_channel_modem,19200,9600,9600,0.5,Standard OFDM,44,1,0.0227272727273,49852,1323,0.0265385541202,0.0149858348409,47.7916666667,47.3,23.7070619006,1,ok
5ba868fa89bfe1df4445510f84b7a1cc9eb859ba,red1,20,0.75,3,3,0.125,2048,16,10,19200,19200,min_channel_modem,19200,9600,9600,0.5,Partial FFT+FEC,44,0,0,49852,2160,0.0433282516248,0.0152945182955,47.7916666667,47.3,0,1,ok
5ba868fa89bfe1df4445510f84b7a1cc9eb859ba,red1,20,0.75,3,3,0.125,2048,16,10,19200,19200,min_channel_modem,19200,9600,9600,0.5,JUNA-Lite,44,9,0.204545454545,49852,1678,0.0336596325122,0.0405702591136,47.7916666667,47.3,213.363557105,1,ok
5ba868fa89bfe1df4445510f84b7a1cc9eb859ba,red1,20,0.75,3,3,0.125,2048,16,10,19200,19200,min_channel_modem,19200,9600,9600,0.5,JUNA-Wz,44,0,0,49852,2155,0.043227954746,0.243387679955,47.7916666667,47.3,0,1,ok
5ba868fa89bfe1df4445510f84b7a1cc9eb859ba,red1,20,0.75,3,3,0.125,2048,16,10,19200,19200,min_channel_modem,19200,9600,9600,0.5,JUNA-WCz,44,0,0,49852,2155,0.043227954746,0.1408662565,47.7916666667,47.3,0,1,ok
5ba868fa89bfe1df4445510f84b7a1cc9eb859ba,red1,20,0.75,3,3,0.25,512,16,10,19200,19200,min_channel_modem,19200,9600,9600,0.5,Standard OFDM,173,86,0.49710982659,96880,1629,0.0168146160198,0.00310504751445,47.7916666667,47.575,1007.7070619,1,ok
5ba868fa89bfe1df4445510f84b7a1cc9eb859ba,red1,20,0.75,3,3,0.25,512,16,10,19200,19200,min_channel_modem,19200,9600,9600,0.5,Partial FFT+FEC,173,0,0,96880,15434,0.159310487201,0.00358964276301,47.7916666667,47.575,0,1,ok
5ba868fa89bfe1df4445510f84b7a1cc9eb859ba,red1,20,0.75,3,3,0.25,512,16,10,19200,19200,min_channel_modem,19200,9600,9600,0.5,JUNA-Lite,173,2,0.0115606936416,96880,4218,0.0435383980182,0.00888380092486,47.7916666667,47.575,23.4350479512,1,ok
5ba868fa89bfe1df4445510f84b7a1cc9eb859ba,red1,20,0.75,3,3,0.25,512,16,10,19200,19200,min_channel_modem,19200,9600,9600,0.5,JUNA-Wz,173,0,0,96880,15582,0.160838150289,0.0535288319306,47.7916666667,47.575,0,1,ok
5ba868fa89bfe1df4445510f84b7a1cc9eb859ba,red1,20,0.75,3,3,0.25,512,16,10,19200,19200,min_channel_modem,19200,9600,9600,0.5,JUNA-WCz,173,0,0,96880,15410,0.159062758051,0.0327563623179,47.7916666667,47.575,0,1,ok
5ba868fa89bfe1df4445510f84b7a1cc9eb859ba,red1,20,0.75,3,3,0.25,1024,16,10,19200,19200,min_channel_modem,19200,9600,9600,0.5,Standard OFDM,88,17,0.193181818182,98560,1384,0.0140422077922,0.00765315420455,47.7916666667,47.6666666667,398.39581517,1,ok
5ba868fa89bfe1df4445510f84b7a1cc9eb859ba,red1,20,0.75,3,3,0.25,1024,16,10,19200,19200,min_channel_modem,19200,9600,9600,0.5,Partial FFT+FEC,88,0,0,98560,5260,0.0533685064935,0.007861918625,47.7916666667,47.6666666667,0,1,ok
5ba868fa89bfe1df4445510f84b7a1cc9eb859ba,red1,20,0.75,3,3,0.25,1024,16,10,19200,19200,min_channel_modem,19200,9600,9600,0.5,JUNA-Lite,88,7,0.0795454545455,98560,2767,0.0280742694805,0.0212627764318,47.7916666667,47.6666666667,164.045335658,1,ok
5ba868fa89bfe1df4445510f84b7a1cc9eb859ba,red1,20,0.75,3,3,0.25,1024,16,10,19200,19200,min_channel_modem,19200,9600,9600,0.5,JUNA-Wz,88,0,0,98560,5229,0.0530539772727,0.133044403386,47.7916666667,47.6666666667,0,1,ok
5ba868fa89bfe1df4445510f84b7a1cc9eb859ba,red1,20,0.75,3,3,0.25,1024,16,10,19200,19200,min_channel_modem,19200,9600,9600,0.5,JUNA-WCz,88,0,0,98560,5194,0.0526988636364,0.0736133924318,47.7916666667,47.6666666667,0,1,ok
5ba868fa89bfe1df4445510f84b7a1cc9eb859ba,red1,20,0.75,3,3,0.25,2048,16,10,19200,19200,min_channel_modem,19200,9600,9600,0.5,Standard OFDM,44,0,0,99704,4294,0.04306747974,0.0183336790227,47.7916666667,47.3,0,1,ok
5ba868fa89bfe1df4445510f84b7a1cc9eb859ba,red1,20,0.75,3,3,0.25,2048,16,10,19200,19200,min_channel_modem,19200,9600,9600,0.5,Partial FFT+FEC,44,0,0,99704,5908,0.0592553959721,0.0202991144545,47.7916666667,47.3,0,1,ok
5ba868fa89bfe1df4445510f84b7a1cc9eb859ba,red1,20,0.75,3,3,0.25,2048,16,10,19200,19200,min_channel_modem,19200,9600,9600,0.5,JUNA-Lite,44,4,0.0909090909091,99704,4657,0.0467082564391,0.05049819325,47.7916666667,47.3,189.656495205,1,ok
5ba868fa89bfe1df4445510f84b7a1cc9eb859ba,red1,20,0.75,3,3,0.25,2048,16,10,19200,19200,min_channel_modem,19200,9600,9600,0.5,JUNA-Wz,44,0,0,99704,5890,0.0590748615903,0.332347905682,47.7916666667,47.3,0,1,ok
5ba868fa89bfe1df4445510f84b7a1cc9eb859ba,red1,20,0.75,3,3,0.25,2048,16,10,19200,19200,min_channel_modem,19200,9600,9600,0.5,JUNA-WCz,44,0,0,99704,5876,0.05893444596,0.166987222341,47.7916666667,47.3,0,1,ok
5ba868fa89bfe1df4445510f84b7a1cc9eb859ba,red1,20,0.75,3,3,0.5,512,16,10,19200,19200,min_channel_modem,19200,9600,9600,0.5,Standard OFDM,173,34,0.196531791908,193760,3972,0.0204995871181,0.00386366613873,47.7916666667,47.575,796.79163034,1,ok
5ba868fa89bfe1df4445510f84b7a1cc9eb859ba,red1,20,0.75,3,3,0.5,512,16,10,19200,19200,min_channel_modem,19200,9600,9600,0.5,Partial FFT+FEC,173,0,0,193760,43641,0.225232246078,0.006638998,47.7916666667,47.575,0,1,ok
5ba868fa89bfe1df4445510f84b7a1cc9eb859ba,red1,20,0.75,3,3,0.5,512,16,10,19200,19200,min_channel_modem,19200,9600,9600,0.5,JUNA-Lite,173,0,0,193760,16651,0.085936209744,0.0104964739884,47.7916666667,47.575,0,1,ok
5ba868fa89bfe1df4445510f84b7a1cc9eb859ba,red1,20,0.75,3,3,0.5,512,16,10,19200,19200,min_channel_modem,19200,9600,9600,0.5,JUNA-Wz,173,0,0,193760,44486,0.229593311313,0.0628747490809,47.7916666667,47.575,0,1,ok
5ba868fa89bfe1df4445510f84b7a1cc9eb859ba,red1,20,0.75,3,3,0.5,512,16,10,19200,19200,min_channel_modem,19200,9600,9600,0.5,JUNA-WCz,173,0,0,193760,44210,0.228168868704,0.0375824456763,47.7916666667,47.575,0,1,ok
5ba868fa89bfe1df4445510f84b7a1cc9eb859ba,red1,20,0.75,3,3,0.5,1024,16,10,19200,19200,min_channel_modem,19200,9600,9600,0.5,Standard OFDM,88,9,0.102272727273,197120,2864,0.0145292207792,0.00752221867045,47.7916666667,47.6666666667,421.830863121,1,ok
5ba868fa89bfe1df4445510f84b7a1cc9eb859ba,red1,20,0.75,3,3,0.5,1024,16,10,19200,19200,min_channel_modem,19200,9600,9600,0.5,Partial FFT+FEC,88,0,0,197120,12882,0.0653510551948,0.00796823704545,47.7916666667,47.6666666667,0,1,ok
5ba868fa89bfe1df4445510f84b7a1cc9eb859ba,red1,20,0.75,3,3,0.5,1024,16,10,19200,19200,min_channel_modem,19200,9600,9600,0.5,JUNA-Lite,88,0,0,197120,5499,0.0278967126623,0.0221384547727,47.7916666667,47.6666666667,0,1,ok
5ba868fa89bfe1df4445510f84b7a1cc9eb859ba,red1,20,0.75,3,3,0.5,1024,16,10,19200,19200,min_channel_modem,19200,9600,9600,0.5,JUNA-Wz,88,0,0,197120,12873,0.0653053977273,0.142230840102,47.7916666667,47.6666666667,0,1,ok
5ba868fa89bfe1df4445510f84b7a1cc9eb859ba,red1,20,0.75,3,3,0.5,1024,16,10,19200,19200,min_channel_modem,19200,9600,9600,0.5,JUNA-WCz,88,0,0,197120,12807,0.0649705762987,0.0783299695682,47.7916666667,47.6666666667,0,1,ok
5ba868fa89bfe1df4445510f84b7a1cc9eb859ba,red1,20,0.75,3,3,0.5,2048,16,10,19200,19200,min_channel_modem,19200,9600,9600,0.5,Standard OFDM,44,0,0,199452,11713,0.0587259089906,0.0201460594545,47.7916666667,47.3,0,1,ok
5ba868fa89bfe1df4445510f84b7a1cc9eb859ba,red1,20,0.75,3,3,0.5,2048,16,10,19200,19200,min_channel_modem,19200,9600,9600,0.5,Partial FFT+FEC,44,0,0,199452,12736,0.0638549625975,0.0210398891136,47.7916666667,47.3,0,1,ok
5ba868fa89bfe1df4445510f84b7a1cc9eb859ba,red1,20,0.75,3,3,0.5,2048,16,10,19200,19200,min_channel_modem,19200,9600,9600,0.5,JUNA-Lite,44,1,0.0227272727273,199452,11034,0.0553215811323,0.0593972670455,47.7916666667,47.3,94.8491717524,1,ok
5ba868fa89bfe1df4445510f84b7a1cc9eb859ba,red1,20,0.75,3,3,0.5,2048,16,10,19200,19200,min_channel_modem,19200,9600,9600,0.5,JUNA-Wz,44,0,0,199452,12801,0.0641808555442,0.388944409977,47.7916666667,47.3,0,1,ok
5ba868fa89bfe1df4445510f84b7a1cc9eb859ba,red1,20,0.75,3,3,0.5,2048,16,10,19200,19200,min_channel_modem,19200,9600,9600,0.5,JUNA-WCz,44,0,0,199452,12768,0.064015402202,0.196883131432,47.7916666667,47.3,0,1,ok
