channel,color,algorithm,profile,receiver,modem_fs,capture_fs,packets,successful_packets,psr,payload_bits,bit_errors,ber,decode_failures,mean_decode_seconds,total_decode_seconds,snr_db,seed,status
red1,red,Standard OFDM,standard,3,19200,19200,1,0,0,170,36,0.211764705882,0,0.003680284,0.003680284,0,20260715,ok
red1,red,Partial FFT+FEC,pfft,3,19200,19200,1,0,0,170,51,0.3,0,0.00311079,0.00311079,0,20260715,ok
red1,red,JUNA-Lite,lite,3,19200,19200,1,0,0,170,51,0.3,0,0.008967236,0.008967236,0,20260715,ok
red1,red,JUNA-Wz,full,3,19200,19200,1,0,0,170,47,0.276470588235,0,0.071023851,0.071023851,0,20260715,ok
red1,red,JUNA-WCz,coupled,3,19200,19200,1,0,0,170,47,0.276470588235,0,0.012964245,0.012964245,0,20260715,ok
red1,red,Standard OFDM,standard,3,19200,19200,1,0,0,170,25,0.147058823529,0,0.004763212,0.004763212,5,20260715,ok
red1,red,Partial FFT+FEC,pfft,3,19200,19200,1,0,0,170,45,0.264705882353,0,0.004880694,0.004880694,5,20260715,ok
red1,red,JUNA-Lite,lite,3,19200,19200,1,0,0,170,40,0.235294117647,0,0.017562455,0.017562455,5,20260715,ok
red1,red,JUNA-Wz,full,3,19200,19200,1,0,0,170,53,0.311764705882,0,0.088078087,0.088078087,5,20260715,ok
red1,red,JUNA-WCz,coupled,3,19200,19200,1,0,0,170,53,0.311764705882,0,0.013399244,0.013399244,5,20260715,ok
red1,red,Standard OFDM,standard,3,19200,19200,1,0,0,170,23,0.135294117647,0,0.003160833,0.003160833,10,20260715,ok
red1,red,Partial FFT+FEC,pfft,3,19200,19200,1,0,0,170,34,0.2,0,0.003175605,0.003175605,10,20260715,ok
red1,red,JUNA-Lite,lite,3,19200,19200,1,0,0,170,26,0.152941176471,0,0.012653493,0.012653493,10,20260715,ok
red1,red,JUNA-Wz,full,3,19200,19200,1,0,0,170,32,0.188235294118,0,0.075188906,0.075188906,10,20260715,ok
red1,red,JUNA-WCz,coupled,3,19200,19200,1,0,0,170,32,0.188235294118,0,0.012805206,0.012805206,10,20260715,ok
red1,red,Standard OFDM,standard,3,19200,19200,1,0,0,170,21,0.123529411765,0,0.003002985,0.003002985,15,20260715,ok
red1,red,Partial FFT+FEC,pfft,3,19200,19200,1,0,0,170,29,0.170588235294,0,0.003527511,0.003527511,15,20260715,ok
red1,red,JUNA-Lite,lite,3,19200,19200,1,0,0,170,23,0.135294117647,0,0.011875746,0.011875746,15,20260715,ok
red1,red,JUNA-Wz,full,3,19200,19200,1,0,0,170,35,0.205882352941,0,0.073905627,0.073905627,15,20260715,ok
red1,red,JUNA-WCz,coupled,3,19200,19200,1,0,0,170,37,0.217647058824,0,0.014303239,0.014303239,15,20260715,ok
red1,red,Standard OFDM,standard,3,19200,19200,1,0,0,170,18,0.105882352941,0,0.003735802,0.003735802,20,20260715,ok
red1,red,Partial FFT+FEC,pfft,3,19200,19200,1,0,0,170,32,0.188235294118,0,0.003416692,0.003416692,20,20260715,ok
red1,red,JUNA-Lite,lite,3,19200,19200,1,0,0,170,19,0.111764705882,0,0.012706242,0.012706242,20,20260715,ok
red1,red,JUNA-Wz,full,3,19200,19200,1,0,0,170,29,0.170588235294,0,0.073777896,0.073777896,20,20260715,ok
red1,red,JUNA-WCz,coupled,3,19200,19200,1,0,0,170,29,0.170588235294,0,0.013578072,0.013578072,20,20260715,ok
red1,red,Standard OFDM,standard,3,19200,19200,1,0,0,170,22,0.129411764706,0,0.002962893,0.002962893,25,20260715,ok
red1,red,Partial FFT+FEC,pfft,3,19200,19200,1,0,0,170,27,0.158823529412,0,0.003640278,0.003640278,25,20260715,ok
red1,red,JUNA-Lite,lite,3,19200,19200,1,0,0,170,27,0.158823529412,0,0.008656812,0.008656812,25,20260715,ok
red1,red,JUNA-Wz,full,3,19200,19200,1,0,0,170,38,0.223529411765,0,0.071290987,0.071290987,25,20260715,ok
red1,red,JUNA-WCz,coupled,3,19200,19200,1,0,0,170,38,0.223529411765,0,0.014268899,0.014268899,25,20260715,ok
red1,red,Standard OFDM,standard,3,19200,19200,1,0,0,170,21,0.123529411765,0,0.003120446,0.003120446,30,20260715,ok
red1,red,Partial FFT+FEC,pfft,3,19200,19200,1,0,0,170,26,0.152941176471,0,0.003545809,0.003545809,30,20260715,ok
red1,red,JUNA-Lite,lite,3,19200,19200,1,0,0,170,20,0.117647058824,0,0.013944435,0.013944435,30,20260715,ok
red1,red,JUNA-Wz,full,3,19200,19200,1,0,0,170,32,0.188235294118,0,0.070076352,0.070076352,30,20260715,ok
red1,red,JUNA-WCz,coupled,3,19200,19200,1,0,0,170,31,0.182352941176,0,0.014094622,0.014094622,30,20260715,ok
red2,red,Standard OFDM,standard,3,19200,19200,1,0,0,170,49,0.288235294118,0,0.00333912,0.00333912,0,20260715,ok
red2,red,Partial FFT+FEC,pfft,3,19200,19200,1,0,0,170,48,0.282352941176,0,0.005158135,0.005158135,0,20260715,ok
red2,red,JUNA-Lite,lite,3,19200,19200,1,0,0,170,53,0.311764705882,0,0.013397437,0.013397437,0,20260715,ok
red2,red,JUNA-Wz,full,3,19200,19200,1,0,0,170,57,0.335294117647,0,0.076104168,0.076104168,0,20260715,ok
red2,red,JUNA-WCz,coupled,3,19200,19200,1,0,0,170,57,0.335294117647,0,0.013184946,0.013184946,0,20260715,ok
red2,red,Standard OFDM,standard,3,19200,19200,1,0,0,170,42,0.247058823529,0,0.002989477,0.002989477,5,20260715,ok
red2,red,Partial FFT+FEC,pfft,3,19200,19200,1,0,0,170,45,0.264705882353,0,0.003319412,0.003319412,5,20260715,ok
red2,red,JUNA-Lite,lite,3,19200,19200,1,0,0,170,45,0.264705882353,0,0.00877414,0.00877414,5,20260715,ok
red2,red,JUNA-Wz,full,3,19200,19200,1,0,0,170,49,0.288235294118,0,0.077462577,0.077462577,5,20260715,ok
red2,red,JUNA-WCz,coupled,3,19200,19200,1,0,0,170,49,0.288235294118,0,0.013185458,0.013185458,5,20260715,ok
red2,red,Standard OFDM,standard,3,19200,19200,1,0,0,170,33,0.194117647059,0,0.005032422,0.005032422,10,20260715,ok
red2,red,Partial FFT+FEC,pfft,3,19200,19200,1,0,0,170,45,0.264705882353,0,0.00531994,0.00531994,10,20260715,ok
red2,red,JUNA-Lite,lite,3,19200,19200,1,0,0,170,37,0.217647058824,0,0.016222069,0.016222069,10,20260715,ok
red2,red,JUNA-Wz,full,3,19200,19200,1,0,0,170,42,0.247058823529,0,0.07917497,0.07917497,10,20260715,ok
red2,red,JUNA-WCz,coupled,3,19200,19200,1,0,0,170,43,0.252941176471,0,0.012655797,0.012655797,10,20260715,ok
red2,red,Standard OFDM,standard,3,19200,19200,1,0,0,170,25,0.147058823529,0,0.003366742,0.003366742,15,20260715,ok
red2,red,Partial FFT+FEC,pfft,3,19200,19200,1,0,0,170,29,0.170588235294,0,0.003054767,0.003054767,15,20260715,ok
red2,red,JUNA-Lite,lite,3,19200,19200,1,0,0,170,29,0.170588235294,0,0.008910315,0.008910315,15,20260715,ok
red2,red,JUNA-Wz,full,3,19200,19200,1,0,0,170,38,0.223529411765,0,0.069829152,0.069829152,15,20260715,ok
red2,red,JUNA-WCz,coupled,3,19200,19200,1,0,0,170,38,0.223529411765,0,0.013172692,0.013172692,15,20260715,ok
red2,red,Standard OFDM,standard,3,19200,19200,1,0,0,170,16,0.0941176470588,0,0.003035437,0.003035437,20,20260715,ok
red2,red,Partial FFT+FEC,pfft,3,19200,19200,1,0,0,170,28,0.164705882353,0,0.003046272,0.003046272,20,20260715,ok
red2,red,JUNA-Lite,lite,3,19200,19200,1,0,0,170,29,0.170588235294,0,0.012968951,0.012968951,20,20260715,ok
red2,red,JUNA-Wz,full,3,19200,19200,1,0,0,170,31,0.182352941176,0,0.084440414,0.084440414,20,20260715,ok
red2,red,JUNA-WCz,coupled,3,19200,19200,1,0,0,170,32,0.188235294118,0,0.020979919,0.020979919,20,20260715,ok
red2,red,Standard OFDM,standard,3,19200,19200,1,0,0,170,18,0.105882352941,0,0.003341349,0.003341349,25,20260715,ok
red2,red,Partial FFT+FEC,pfft,3,19200,19200,1,0,0,170,27,0.158823529412,0,0.003185817,0.003185817,25,20260715,ok
red2,red,JUNA-Lite,lite,3,19200,19200,1,0,0,170,27,0.158823529412,0,0.009575321,0.009575321,25,20260715,ok
red2,red,JUNA-Wz,full,3,19200,19200,1,0,0,170,30,0.176470588235,0,0.073061167,0.073061167,25,20260715,ok
red2,red,JUNA-WCz,coupled,3,19200,19200,1,0,0,170,31,0.182352941176,0,0.012954181,0.012954181,25,20260715,ok
red2,red,Standard OFDM,standard,3,19200,19200,1,0,0,170,21,0.123529411765,0,0.003169279,0.003169279,30,20260715,ok
red2,red,Partial FFT+FEC,pfft,3,19200,19200,1,0,0,170,24,0.141176470588,0,0.003488616,0.003488616,30,20260715,ok
red2,red,JUNA-Lite,lite,3,19200,19200,1,0,0,170,24,0.141176470588,0,0.008984569,0.008984569,30,20260715,ok
red2,red,JUNA-Wz,full,3,19200,19200,1,0,0,170,34,0.2,0,0.072953264,0.072953264,30,20260715,ok
red2,red,JUNA-WCz,coupled,3,19200,19200,1,0,0,170,35,0.205882352941,0,0.012607025,0.012607025,30,20260715,ok
red3,red,Standard OFDM,standard,3,19200,19200,1,0,0,170,36,0.211764705882,0,0.00311409,0.00311409,0,20260715,ok
red3,red,Partial FFT+FEC,pfft,3,19200,19200,1,0,0,170,53,0.311764705882,0,0.003219609,0.003219609,0,20260715,ok
red3,red,JUNA-Lite,lite,3,19200,19200,1,0,0,170,47,0.276470588235,0,0.012292172,0.012292172,0,20260715,ok
red3,red,JUNA-Wz,full,3,19200,19200,1,0,0,170,58,0.341176470588,0,0.0693034,0.0693034,0,20260715,ok
red3,red,JUNA-WCz,coupled,3,19200,19200,1,0,0,170,58,0.341176470588,0,0.012950926,0.012950926,0,20260715,ok
red3,red,Standard OFDM,standard,3,19200,19200,1,0,0,170,25,0.147058823529,0,0.003984422,0.003984422,5,20260715,ok
red3,red,Partial FFT+FEC,pfft,3,19200,19200,1,0,0,170,47,0.276470588235,0,0.003802113,0.003802113,5,20260715,ok
red3,red,JUNA-Lite,lite,3,19200,19200,1,0,0,170,33,0.194117647059,0,0.012778931,0.012778931,5,20260715,ok
red3,red,JUNA-Wz,full,3,19200,19200,1,0,0,170,53,0.311764705882,0,0.070518801,0.070518801,5,20260715,ok
red3,red,JUNA-WCz,coupled,3,19200,19200,1,0,0,170,56,0.329411764706,0,0.013019107,0.013019107,5,20260715,ok
red3,red,Standard OFDM,standard,3,19200,19200,1,0,0,170,19,0.111764705882,0,0.003052194,0.003052194,10,20260715,ok
red3,red,Partial FFT+FEC,pfft,3,19200,19200,1,0,0,170,41,0.241176470588,0,0.003151833,0.003151833,10,20260715,ok
red3,red,JUNA-Lite,lite,3,19200,19200,1,0,0,170,27,0.158823529412,0,0.012844697,0.012844697,10,20260715,ok
red3,red,JUNA-Wz,full,3,19200,19200,1,0,0,170,43,0.252941176471,0,0.073927684,0.073927684,10,20260715,ok
red3,red,JUNA-WCz,coupled,3,19200,19200,1,0,0,170,42,0.247058823529,0,0.013164576,0.013164576,10,20260715,ok
red3,red,Standard OFDM,standard,3,19200,19200,1,0,0,170,18,0.105882352941,0,0.003038068,0.003038068,15,20260715,ok
red3,red,Partial FFT+FEC,pfft,3,19200,19200,1,0,0,170,37,0.217647058824,0,0.002961352,0.002961352,15,20260715,ok
red3,red,JUNA-Lite,lite,3,19200,19200,1,0,0,170,37,0.217647058824,0,0.010487805,0.010487805,15,20260715,ok
red3,red,JUNA-Wz,full,3,19200,19200,1,0,0,170,44,0.258823529412,0,0.073804679,0.073804679,15,20260715,ok
red3,red,JUNA-WCz,coupled,3,19200,19200,1,0,0,170,43,0.252941176471,0,0.014167276,0.014167276,15,20260715,ok
red3,red,Standard OFDM,standard,3,19200,19200,1,0,0,170,18,0.105882352941,0,0.003921638,0.003921638,20,20260715,ok
red3,red,Partial FFT+FEC,pfft,3,19200,19200,1,0,0,170,41,0.241176470588,0,0.004285104,0.004285104,20,20260715,ok
red3,red,JUNA-Lite,lite,3,19200,19200,1,0,0,170,24,0.141176470588,0,0.017515668,0.017515668,20,20260715,ok
red3,red,JUNA-Wz,full,3,19200,19200,1,0,0,170,46,0.270588235294,0,0.090383669,0.090383669,20,20260715,ok
red3,red,JUNA-WCz,coupled,3,19200,19200,1,0,0,170,46,0.270588235294,0,0.021107599,0.021107599,20,20260715,ok
red3,red,Standard OFDM,standard,3,19200,19200,1,0,0,170,10,0.0588235294118,0,0.00340236,0.00340236,25,20260715,ok
red3,red,Partial FFT+FEC,pfft,3,19200,19200,1,0,0,170,39,0.229411764706,0,0.003060808,0.003060808,25,20260715,ok
red3,red,JUNA-Lite,lite,3,19200,19200,1,0,0,170,31,0.182352941176,0,0.012549673,0.012549673,25,20260715,ok
red3,red,JUNA-Wz,full,3,19200,19200,1,0,0,170,47,0.276470588235,0,0.071667811,0.071667811,25,20260715,ok
red3,red,JUNA-WCz,coupled,3,19200,19200,1,0,0,170,47,0.276470588235,0,0.013791994,0.013791994,25,20260715,ok
red3,red,Standard OFDM,standard,3,19200,19200,1,0,0,170,8,0.0470588235294,0,0.003011549,0.003011549,30,20260715,ok
red3,red,Partial FFT+FEC,pfft,3,19200,19200,1,0,0,170,38,0.223529411765,0,0.003152888,0.003152888,30,20260715,ok
red3,red,JUNA-Lite,lite,3,19200,19200,1,0,0,170,24,0.141176470588,0,0.012163143,0.012163143,30,20260715,ok
red3,red,JUNA-Wz,full,3,19200,19200,1,0,0,170,42,0.247058823529,0,0.071943777,0.071943777,30,20260715,ok
red3,red,JUNA-WCz,coupled,3,19200,19200,1,0,0,170,42,0.247058823529,0,0.013361547,0.013361547,30,20260715,ok
blue1,blue,Standard OFDM,standard,3,9765.625,9765.625,1,0,0,170,48,0.282352941176,0,0.003078739,0.003078739,0,20260715,ok
blue1,blue,Partial FFT+FEC,pfft,3,9765.625,9765.625,1,0,0,170,61,0.358823529412,0,0.003073675,0.003073675,0,20260715,ok
blue1,blue,JUNA-Lite,lite,3,9765.625,9765.625,1,0,0,170,61,0.358823529412,0,0.010858187,0.010858187,0,20260715,ok
blue1,blue,JUNA-Wz,full,3,9765.625,9765.625,1,0,0,170,57,0.335294117647,0,0.070860611,0.070860611,0,20260715,ok
blue1,blue,JUNA-WCz,coupled,3,9765.625,9765.625,1,0,0,170,59,0.347058823529,0,0.014190359,0.014190359,0,20260715,ok
blue1,blue,Standard OFDM,standard,3,9765.625,9765.625,1,0,0,170,25,0.147058823529,0,0.002956386,0.002956386,5,20260715,ok
blue1,blue,Partial FFT+FEC,pfft,3,9765.625,9765.625,1,0,0,170,37,0.217647058824,0,0.003389123,0.003389123,5,20260715,ok
blue1,blue,JUNA-Lite,lite,3,9765.625,9765.625,1,0,0,170,37,0.217647058824,0,0.009502822,0.009502822,5,20260715,ok
blue1,blue,JUNA-Wz,full,3,9765.625,9765.625,1,0,0,170,50,0.294117647059,0,0.07070537,0.07070537,5,20260715,ok
blue1,blue,JUNA-WCz,coupled,3,9765.625,9765.625,1,0,0,170,50,0.294117647059,0,0.014652979,0.014652979,5,20260715,ok
blue1,blue,Standard OFDM,standard,3,9765.625,9765.625,1,0,0,170,21,0.123529411765,0,0.003304082,0.003304082,10,20260715,ok
blue1,blue,Partial FFT+FEC,pfft,3,9765.625,9765.625,1,0,0,170,32,0.188235294118,0,0.003800512,0.003800512,10,20260715,ok
blue1,blue,JUNA-Lite,lite,3,9765.625,9765.625,1,0,0,170,32,0.188235294118,0,0.010150365,0.010150365,10,20260715,ok
blue1,blue,JUNA-Wz,full,3,9765.625,9765.625,1,0,0,170,42,0.247058823529,0,0.078864228,0.078864228,10,20260715,ok
blue1,blue,JUNA-WCz,coupled,3,9765.625,9765.625,1,0,0,170,42,0.247058823529,0,0.013013954,0.013013954,10,20260715,ok
blue1,blue,Standard OFDM,standard,3,9765.625,9765.625,1,0,0,170,18,0.105882352941,0,0.002959474,0.002959474,15,20260715,ok
blue1,blue,Partial FFT+FEC,pfft,3,9765.625,9765.625,1,0,0,170,31,0.182352941176,0,0.003061922,0.003061922,15,20260715,ok
blue1,blue,JUNA-Lite,lite,3,9765.625,9765.625,1,0,0,170,23,0.135294117647,0,0.013173419,0.013173419,15,20260715,ok
blue1,blue,JUNA-Wz,full,3,9765.625,9765.625,1,0,0,170,39,0.229411764706,0,0.0742328,0.0742328,15,20260715,ok
blue1,blue,JUNA-WCz,coupled,3,9765.625,9765.625,1,0,0,170,39,0.229411764706,0,0.012658561,0.012658561,15,20260715,ok
blue1,blue,Standard OFDM,standard,3,9765.625,9765.625,1,0,0,170,17,0.1,0,0.003032075,0.003032075,20,20260715,ok
blue1,blue,Partial FFT+FEC,pfft,3,9765.625,9765.625,1,0,0,170,29,0.170588235294,0,0.003091608,0.003091608,20,20260715,ok
blue1,blue,JUNA-Lite,lite,3,9765.625,9765.625,1,0,0,170,22,0.129411764706,0,0.012190988,0.012190988,20,20260715,ok
blue1,blue,JUNA-Wz,full,3,9765.625,9765.625,1,0,0,170,34,0.2,0,0.070076924,0.070076924,20,20260715,ok
blue1,blue,JUNA-WCz,coupled,3,9765.625,9765.625,1,0,0,170,34,0.2,0,0.013202001,0.013202001,20,20260715,ok
blue1,blue,Standard OFDM,standard,3,9765.625,9765.625,1,0,0,170,12,0.0705882352941,0,0.003751561,0.003751561,25,20260715,ok
blue1,blue,Partial FFT+FEC,pfft,3,9765.625,9765.625,1,0,0,170,26,0.152941176471,0,0.003521336,0.003521336,25,20260715,ok
blue1,blue,JUNA-Lite,lite,3,9765.625,9765.625,1,0,0,170,20,0.117647058824,0,0.012543299,0.012543299,25,20260715,ok
blue1,blue,JUNA-Wz,full,3,9765.625,9765.625,1,0,0,170,33,0.194117647059,0,0.072912066,0.072912066,25,20260715,ok
blue1,blue,JUNA-WCz,coupled,3,9765.625,9765.625,1,0,0,170,32,0.188235294118,0,0.013149509,0.013149509,25,20260715,ok
blue1,blue,Standard OFDM,standard,3,9765.625,9765.625,1,0,0,170,10,0.0588235294118,0,0.003208375,0.003208375,30,20260715,ok
blue1,blue,Partial FFT+FEC,pfft,3,9765.625,9765.625,1,0,0,170,27,0.158823529412,0,0.003127568,0.003127568,30,20260715,ok
blue1,blue,JUNA-Lite,lite,3,9765.625,9765.625,1,0,0,170,21,0.123529411765,0,0.012697624,0.012697624,30,20260715,ok
blue1,blue,JUNA-Wz,full,3,9765.625,9765.625,1,0,0,170,37,0.217647058824,0,0.071179939,0.071179939,30,20260715,ok
blue1,blue,JUNA-WCz,coupled,3,9765.625,9765.625,1,0,0,170,37,0.217647058824,0,0.013308518,0.013308518,30,20260715,ok
blue2,blue,Standard OFDM,standard,3,9765.625,9765.625,1,0,0,170,84,0.494117647059,0,0.002996059,0.002996059,0,20260715,ok
blue2,blue,Partial FFT+FEC,pfft,3,9765.625,9765.625,1,0,0,170,91,0.535294117647,0,0.003180284,0.003180284,0,20260715,ok
blue2,blue,JUNA-Lite,lite,3,9765.625,9765.625,1,0,0,170,91,0.535294117647,0,0.008941608,0.008941608,0,20260715,ok
blue2,blue,JUNA-Wz,full,3,9765.625,9765.625,1,0,0,170,89,0.523529411765,0,0.072278059,0.072278059,0,20260715,ok
blue2,blue,JUNA-WCz,coupled,3,9765.625,9765.625,1,0,0,170,89,0.523529411765,0,0.013658253,0.013658253,0,20260715,ok
blue2,blue,Standard OFDM,standard,3,9765.625,9765.625,1,0,0,170,88,0.517647058824,0,0.00475359,0.00475359,5,20260715,ok
blue2,blue,Partial FFT+FEC,pfft,3,9765.625,9765.625,1,0,0,170,94,0.552941176471,0,0.00483395,0.00483395,5,20260715,ok
blue2,blue,JUNA-Lite,lite,3,9765.625,9765.625,1,0,0,170,94,0.552941176471,0,0.014206823,0.014206823,5,20260715,ok
blue2,blue,JUNA-Wz,full,3,9765.625,9765.625,1,0,0,170,90,0.529411764706,0,0.074566909,0.074566909,5,20260715,ok
blue2,blue,JUNA-WCz,coupled,3,9765.625,9765.625,1,0,0,170,92,0.541176470588,0,0.01332004,0.01332004,5,20260715,ok
blue2,blue,Standard OFDM,standard,3,9765.625,9765.625,1,0,0,170,94,0.552941176471,0,0.003136914,0.003136914,10,20260715,ok
blue2,blue,Partial FFT+FEC,pfft,3,9765.625,9765.625,1,0,0,170,96,0.564705882353,0,0.003035788,0.003035788,10,20260715,ok
blue2,blue,JUNA-Lite,lite,3,9765.625,9765.625,1,0,0,170,96,0.564705882353,0,0.008894238,0.008894238,10,20260715,ok
blue2,blue,JUNA-Wz,full,3,9765.625,9765.625,1,0,0,170,96,0.564705882353,0,0.074464034,0.074464034,10,20260715,ok
blue2,blue,JUNA-WCz,coupled,3,9765.625,9765.625,1,0,0,170,97,0.570588235294,0,0.013130567,0.013130567,10,20260715,ok
blue2,blue,Standard OFDM,standard,3,9765.625,9765.625,1,0,0,170,97,0.570588235294,0,0.003088738,0.003088738,15,20260715,ok
blue2,blue,Partial FFT+FEC,pfft,3,9765.625,9765.625,1,0,0,170,80,0.470588235294,0,0.003124549,0.003124549,15,20260715,ok
blue2,blue,JUNA-Lite,lite,3,9765.625,9765.625,1,0,0,170,80,0.470588235294,0,0.009186983,0.009186983,15,20260715,ok
blue2,blue,JUNA-Wz,full,3,9765.625,9765.625,1,0,0,170,84,0.494117647059,0,0.069552788,0.069552788,15,20260715,ok
blue2,blue,JUNA-WCz,coupled,3,9765.625,9765.625,1,0,0,170,84,0.494117647059,0,0.013089554,0.013089554,15,20260715,ok
blue2,blue,Standard OFDM,standard,3,9765.625,9765.625,1,0,0,170,99,0.582352941176,0,0.003033939,0.003033939,20,20260715,ok
blue2,blue,Partial FFT+FEC,pfft,3,9765.625,9765.625,1,0,0,170,60,0.352941176471,0,0.003082996,0.003082996,20,20260715,ok
blue2,blue,JUNA-Lite,lite,3,9765.625,9765.625,1,0,0,170,48,0.282352941176,0,0.012076747,0.012076747,20,20260715,ok
blue2,blue,JUNA-Wz,full,3,9765.625,9765.625,1,0,0,170,61,0.358823529412,0,0.072459899,0.072459899,20,20260715,ok
blue2,blue,JUNA-WCz,coupled,3,9765.625,9765.625,1,0,0,170,60,0.352941176471,0,0.013219308,0.013219308,20,20260715,ok
blue2,blue,Standard OFDM,standard,3,9765.625,9765.625,1,0,0,170,100,0.588235294118,0,0.003107003,0.003107003,25,20260715,ok
blue2,blue,Partial FFT+FEC,pfft,3,9765.625,9765.625,1,0,0,170,61,0.358823529412,0,0.002981072,0.002981072,25,20260715,ok
blue2,blue,JUNA-Lite,lite,3,9765.625,9765.625,1,0,0,170,61,0.358823529412,0,0.009310741,0.009310741,25,20260715,ok
blue2,blue,JUNA-Wz,full,3,9765.625,9765.625,1,0,0,170,62,0.364705882353,0,0.069806036,0.069806036,25,20260715,ok
blue2,blue,JUNA-WCz,coupled,3,9765.625,9765.625,1,0,0,170,62,0.364705882353,0,0.013053259,0.013053259,25,20260715,ok
blue2,blue,Standard OFDM,standard,3,9765.625,9765.625,1,0,0,170,88,0.517647058824,0,0.003243343,0.003243343,30,20260715,ok
blue2,blue,Partial FFT+FEC,pfft,3,9765.625,9765.625,1,0,0,170,54,0.317647058824,0,0.003097633,0.003097633,30,20260715,ok
blue2,blue,JUNA-Lite,lite,3,9765.625,9765.625,1,0,0,170,45,0.264705882353,0,0.014073785,0.014073785,30,20260715,ok
blue2,blue,JUNA-Wz,full,3,9765.625,9765.625,1,0,0,170,57,0.335294117647,0,0.074833948,0.074833948,30,20260715,ok
blue2,blue,JUNA-WCz,coupled,3,9765.625,9765.625,1,0,0,170,56,0.329411764706,0,0.013514382,0.013514382,30,20260715,ok
blue3,blue,Standard OFDM,standard,3,9765.625,9765.625,1,0,0,170,92,0.541176470588,0,0.002980083,0.002980083,0,20260715,ok
blue3,blue,Partial FFT+FEC,pfft,3,9765.625,9765.625,1,0,0,170,71,0.417647058824,0,0.003772355,0.003772355,0,20260715,ok
blue3,blue,JUNA-Lite,lite,3,9765.625,9765.625,1,0,0,170,71,0.417647058824,0,0.00857996,0.00857996,0,20260715,ok
blue3,blue,JUNA-Wz,full,3,9765.625,9765.625,1,0,0,170,74,0.435294117647,0,0.080056519,0.080056519,0,20260715,ok
blue3,blue,JUNA-WCz,coupled,3,9765.625,9765.625,1,0,0,170,74,0.435294117647,0,0.020857693,0.020857693,0,20260715,ok
blue3,blue,Standard OFDM,standard,3,9765.625,9765.625,1,0,0,170,84,0.494117647059,0,0.00347037,0.00347037,5,20260715,ok
blue3,blue,Partial FFT+FEC,pfft,3,9765.625,9765.625,1,0,0,170,72,0.423529411765,0,0.003072149,0.003072149,5,20260715,ok
blue3,blue,JUNA-Lite,lite,3,9765.625,9765.625,1,0,0,170,72,0.423529411765,0,0.009361876,0.009361876,5,20260715,ok
blue3,blue,JUNA-Wz,full,3,9765.625,9765.625,1,0,0,170,86,0.505882352941,0,0.070038346,0.070038346,5,20260715,ok
blue3,blue,JUNA-WCz,coupled,3,9765.625,9765.625,1,0,0,170,84,0.494117647059,0,0.014039055,0.014039055,5,20260715,ok
blue3,blue,Standard OFDM,standard,3,9765.625,9765.625,1,0,0,170,94,0.552941176471,0,0.003137738,0.003137738,10,20260715,ok
blue3,blue,Partial FFT+FEC,pfft,3,9765.625,9765.625,1,0,0,170,71,0.417647058824,0,0.00354107,0.00354107,10,20260715,ok
blue3,blue,JUNA-Lite,lite,3,9765.625,9765.625,1,0,0,170,62,0.364705882353,0,0.013305727,0.013305727,10,20260715,ok
blue3,blue,JUNA-Wz,full,3,9765.625,9765.625,1,0,0,170,72,0.423529411765,0,0.071036008,0.071036008,10,20260715,ok
blue3,blue,JUNA-WCz,coupled,3,9765.625,9765.625,1,0,0,170,72,0.423529411765,0,0.013477641,0.013477641,10,20260715,ok
blue3,blue,Standard OFDM,standard,3,9765.625,9765.625,1,0,0,170,83,0.488235294118,0,0.003030611,0.003030611,15,20260715,ok
blue3,blue,Partial FFT+FEC,pfft,3,9765.625,9765.625,1,0,0,170,48,0.282352941176,0,0.002996807,0.002996807,15,20260715,ok
blue3,blue,JUNA-Lite,lite,3,9765.625,9765.625,1,0,0,170,44,0.258823529412,0,0.012394829,0.012394829,15,20260715,ok
blue3,blue,JUNA-Wz,full,3,9765.625,9765.625,1,0,0,170,52,0.305882352941,0,0.069501551,0.069501551,15,20260715,ok
blue3,blue,JUNA-WCz,coupled,3,9765.625,9765.625,1,0,0,170,52,0.305882352941,0,0.013043967,0.013043967,15,20260715,ok
blue3,blue,Standard OFDM,standard,3,9765.625,9765.625,1,0,0,170,86,0.505882352941,0,0.002988493,0.002988493,20,20260715,ok
blue3,blue,Partial FFT+FEC,pfft,3,9765.625,9765.625,1,0,0,170,53,0.311764705882,0,0.002936613,0.002936613,20,20260715,ok
blue3,blue,JUNA-Lite,lite,3,9765.625,9765.625,1,0,0,170,42,0.247058823529,0,0.012372613,0.012372613,20,20260715,ok
blue3,blue,JUNA-Wz,full,3,9765.625,9765.625,1,0,0,170,56,0.329411764706,0,0.069586264,0.069586264,20,20260715,ok
blue3,blue,JUNA-WCz,coupled,3,9765.625,9765.625,1,0,0,170,57,0.335294117647,0,0.013976871,0.013976871,20,20260715,ok
blue3,blue,Standard OFDM,standard,3,9765.625,9765.625,1,0,0,170,82,0.482352941176,0,0.003066988,0.003066988,25,20260715,ok
blue3,blue,Partial FFT+FEC,pfft,3,9765.625,9765.625,1,0,0,170,49,0.288235294118,0,0.003022002,0.003022002,25,20260715,ok
blue3,blue,JUNA-Lite,lite,3,9765.625,9765.625,1,0,0,170,49,0.288235294118,0,0.009263313,0.009263313,25,20260715,ok
blue3,blue,JUNA-Wz,full,3,9765.625,9765.625,1,0,0,170,53,0.311764705882,0,0.074188248,0.074188248,25,20260715,ok
blue3,blue,JUNA-WCz,coupled,3,9765.625,9765.625,1,0,0,170,54,0.317647058824,0,0.013437577,0.013437577,25,20260715,ok
blue3,blue,Standard OFDM,standard,3,9765.625,9765.625,1,0,0,170,79,0.464705882353,0,0.003276525,0.003276525,30,20260715,ok
blue3,blue,Partial FFT+FEC,pfft,3,9765.625,9765.625,1,0,0,170,47,0.276470588235,0,0.004083368,0.004083368,30,20260715,ok
blue3,blue,JUNA-Lite,lite,3,9765.625,9765.625,1,0,0,170,47,0.276470588235,0,0.009884207,0.009884207,30,20260715,ok
blue3,blue,JUNA-Wz,full,3,9765.625,9765.625,1,0,0,170,48,0.282352941176,0,0.074651281,0.074651281,30,20260715,ok
blue3,blue,JUNA-WCz,coupled,3,9765.625,9765.625,1,0,0,170,47,0.276470588235,0,0.014833477,0.014833477,30,20260715,ok
yellow1,yellow,Standard OFDM,standard,3,12500,12500,1,0,0,170,42,0.247058823529,0,0.002988381,0.002988381,0,20260715,ok
yellow1,yellow,Partial FFT+FEC,pfft,3,12500,12500,1,0,0,170,39,0.229411764706,0,0.003000558,0.003000558,0,20260715,ok
yellow1,yellow,JUNA-Lite,lite,3,12500,12500,1,0,0,170,39,0.229411764706,0,0.009096712,0.009096712,0,20260715,ok
yellow1,yellow,JUNA-Wz,full,3,12500,12500,1,0,0,170,42,0.247058823529,0,0.070033479,0.070033479,0,20260715,ok
yellow1,yellow,JUNA-WCz,coupled,3,12500,12500,1,0,0,170,43,0.252941176471,0,0.014521867,0.014521867,0,20260715,ok
yellow1,yellow,Standard OFDM,standard,3,12500,12500,1,0,0,170,39,0.229411764706,0,0.003408569,0.003408569,5,20260715,ok
yellow1,yellow,Partial FFT+FEC,pfft,3,12500,12500,1,0,0,170,38,0.223529411765,0,0.00418598,0.00418598,5,20260715,ok
yellow1,yellow,JUNA-Lite,lite,3,12500,12500,1,0,0,170,41,0.241176470588,0,0.01257316,0.01257316,5,20260715,ok
yellow1,yellow,JUNA-Wz,full,3,12500,12500,1,0,0,170,44,0.258823529412,0,0.078233031,0.078233031,5,20260715,ok
yellow1,yellow,JUNA-WCz,coupled,3,12500,12500,1,0,0,170,44,0.258823529412,0,0.014982841,0.014982841,5,20260715,ok
yellow1,yellow,Standard OFDM,standard,3,12500,12500,1,0,0,170,25,0.147058823529,0,0.003105066,0.003105066,10,20260715,ok
yellow1,yellow,Partial FFT+FEC,pfft,3,12500,12500,1,0,0,170,35,0.205882352941,0,0.003137345,0.003137345,10,20260715,ok
yellow1,yellow,JUNA-Lite,lite,3,12500,12500,1,0,0,170,34,0.2,0,0.012253675,0.012253675,10,20260715,ok
yellow1,yellow,JUNA-Wz,full,3,12500,12500,1,0,0,170,43,0.252941176471,0,0.075013673,0.075013673,10,20260715,ok
yellow1,yellow,JUNA-WCz,coupled,3,12500,12500,1,0,0,170,43,0.252941176471,0,0.016551307,0.016551307,10,20260715,ok
yellow1,yellow,Standard OFDM,standard,3,12500,12500,1,0,0,170,19,0.111764705882,0,0.003030837,0.003030837,15,20260715,ok
yellow1,yellow,Partial FFT+FEC,pfft,3,12500,12500,1,0,0,170,38,0.223529411765,0,0.002968674,0.002968674,15,20260715,ok
yellow1,yellow,JUNA-Lite,lite,3,12500,12500,1,0,0,170,38,0.223529411765,0,0.010241285,0.010241285,15,20260715,ok
yellow1,yellow,JUNA-Wz,full,3,12500,12500,1,0,0,170,39,0.229411764706,0,0.069214408,0.069214408,15,20260715,ok
yellow1,yellow,JUNA-WCz,coupled,3,12500,12500,1,0,0,170,39,0.229411764706,0,0.016553831,0.016553831,15,20260715,ok
yellow1,yellow,Standard OFDM,standard,3,12500,12500,1,0,0,170,28,0.164705882353,0,0.003524195,0.003524195,20,20260715,ok
yellow1,yellow,Partial FFT+FEC,pfft,3,12500,12500,1,0,0,170,38,0.223529411765,0,0.003779543,0.003779543,20,20260715,ok
yellow1,yellow,JUNA-Lite,lite,3,12500,12500,1,0,0,170,30,0.176470588235,0,0.012490538,0.012490538,20,20260715,ok
yellow1,yellow,JUNA-Wz,full,3,12500,12500,1,0,0,170,39,0.229411764706,0,0.087238496,0.087238496,20,20260715,ok
yellow1,yellow,JUNA-WCz,coupled,3,12500,12500,1,0,0,170,39,0.229411764706,0,0.015690616,0.015690616,20,20260715,ok
yellow1,yellow,Standard OFDM,standard,3,12500,12500,1,0,0,170,28,0.164705882353,0,0.003363037,0.003363037,25,20260715,ok
yellow1,yellow,Partial FFT+FEC,pfft,3,12500,12500,1,0,0,170,36,0.211764705882,0,0.004084653,0.004084653,25,20260715,ok
yellow1,yellow,JUNA-Lite,lite,3,12500,12500,1,0,0,170,33,0.194117647059,0,0.014166973,0.014166973,25,20260715,ok
yellow1,yellow,JUNA-Wz,full,3,12500,12500,1,0,0,170,41,0.241176470588,0,0.108625591,0.108625591,25,20260715,ok
yellow1,yellow,JUNA-WCz,coupled,3,12500,12500,1,0,0,170,41,0.241176470588,0,0.024786844,0.024786844,25,20260715,ok
yellow1,yellow,Standard OFDM,standard,3,12500,12500,1,0,0,170,28,0.164705882353,0,0.003008409,0.003008409,30,20260715,ok
yellow1,yellow,Partial FFT+FEC,pfft,3,12500,12500,1,0,0,170,37,0.217647058824,0,0.003137505,0.003137505,30,20260715,ok
yellow1,yellow,JUNA-Lite,lite,3,12500,12500,1,0,0,170,37,0.217647058824,0,0.010130865,0.010130865,30,20260715,ok
yellow1,yellow,JUNA-Wz,full,3,12500,12500,1,0,0,170,35,0.205882352941,0,0.073920271,0.073920271,30,20260715,ok
yellow1,yellow,JUNA-WCz,coupled,3,12500,12500,1,0,0,170,35,0.205882352941,0,0.013289763,0.013289763,30,20260715,ok
yellow2,yellow,Standard OFDM,standard,3,12500,12500,1,0,0,170,56,0.329411764706,0,0.003246267,0.003246267,0,20260715,ok
yellow2,yellow,Partial FFT+FEC,pfft,3,12500,12500,1,0,0,170,67,0.394117647059,0,0.003524257,0.003524257,0,20260715,ok
yellow2,yellow,JUNA-Lite,lite,3,12500,12500,1,0,0,170,67,0.394117647059,0,0.009310356,0.009310356,0,20260715,ok
yellow2,yellow,JUNA-Wz,full,3,12500,12500,1,0,0,170,68,0.4,0,0.07311653,0.07311653,0,20260715,ok
yellow2,yellow,JUNA-WCz,coupled,3,12500,12500,1,0,0,170,68,0.4,0,0.013208114,0.013208114,0,20260715,ok
yellow2,yellow,Standard OFDM,standard,3,12500,12500,1,0,0,170,43,0.252941176471,0,0.003225302,0.003225302,5,20260715,ok
yellow2,yellow,Partial FFT+FEC,pfft,3,12500,12500,1,0,0,170,49,0.288235294118,0,0.003287874,0.003287874,5,20260715,ok
yellow2,yellow,JUNA-Lite,lite,3,12500,12500,1,0,0,170,49,0.288235294118,0,0.008608158,0.008608158,5,20260715,ok
yellow2,yellow,JUNA-Wz,full,3,12500,12500,1,0,0,170,54,0.317647058824,0,0.076239705,0.076239705,5,20260715,ok
yellow2,yellow,JUNA-WCz,coupled,3,12500,12500,1,0,0,170,55,0.323529411765,0,0.014479655,0.014479655,5,20260715,ok
yellow2,yellow,Standard OFDM,standard,3,12500,12500,1,0,0,170,42,0.247058823529,0,0.0049894,0.0049894,10,20260715,ok
yellow2,yellow,Partial FFT+FEC,pfft,3,12500,12500,1,0,0,170,36,0.211764705882,0,0.004955936,0.004955936,10,20260715,ok
yellow2,yellow,JUNA-Lite,lite,3,12500,12500,1,0,0,170,38,0.223529411765,0,0.014529877,0.014529877,10,20260715,ok
yellow2,yellow,JUNA-Wz,full,3,12500,12500,1,0,0,170,43,0.252941176471,0,0.071260343,0.071260343,10,20260715,ok
yellow2,yellow,JUNA-WCz,coupled,3,12500,12500,1,0,0,170,42,0.247058823529,0,0.013759851,0.013759851,10,20260715,ok
yellow2,yellow,Standard OFDM,standard,3,12500,12500,1,0,0,170,37,0.217647058824,0,0.003397902,0.003397902,15,20260715,ok
yellow2,yellow,Partial FFT+FEC,pfft,3,12500,12500,1,0,0,170,42,0.247058823529,0,0.003157557,0.003157557,15,20260715,ok
yellow2,yellow,JUNA-Lite,lite,3,12500,12500,1,0,0,170,42,0.247058823529,0,0.012574811,0.012574811,15,20260715,ok
yellow2,yellow,JUNA-Wz,full,3,12500,12500,1,0,0,170,46,0.270588235294,0,0.07129842,0.07129842,15,20260715,ok
yellow2,yellow,JUNA-WCz,coupled,3,12500,12500,1,0,0,170,45,0.264705882353,0,0.013924027,0.013924027,15,20260715,ok
yellow2,yellow,Standard OFDM,standard,3,12500,12500,1,0,0,170,37,0.217647058824,0,0.00298906,0.00298906,20,20260715,ok
yellow2,yellow,Partial FFT+FEC,pfft,3,12500,12500,1,0,0,170,38,0.223529411765,0,0.003245693,0.003245693,20,20260715,ok
yellow2,yellow,JUNA-Lite,lite,3,12500,12500,1,0,0,170,38,0.223529411765,0,0.009211029,0.009211029,20,20260715,ok
yellow2,yellow,JUNA-Wz,full,3,12500,12500,1,0,0,170,44,0.258823529412,0,0.069489468,0.069489468,20,20260715,ok
yellow2,yellow,JUNA-WCz,coupled,3,12500,12500,1,0,0,170,43,0.252941176471,0,0.01738603,0.01738603,20,20260715,ok
yellow2,yellow,Standard OFDM,standard,3,12500,12500,1,0,0,170,34,0.2,0,0.004548239,0.004548239,25,20260715,ok
yellow2,yellow,Partial FFT+FEC,pfft,3,12500,12500,1,0,0,170,40,0.235294117647,0,0.00323343,0.00323343,25,20260715,ok
yellow2,yellow,JUNA-Lite,lite,3,12500,12500,1,0,0,170,40,0.235294117647,0,0.009019054,0.009019054,25,20260715,ok
yellow2,yellow,JUNA-Wz,full,3,12500,12500,1,0,0,170,42,0.247058823529,0,0.070039804,0.070039804,25,20260715,ok
yellow2,yellow,JUNA-WCz,coupled,3,12500,12500,1,0,0,170,42,0.247058823529,0,0.01394209,0.01394209,25,20260715,ok
yellow2,yellow,Standard OFDM,standard,3,12500,12500,1,0,0,170,29,0.170588235294,0,0.003195008,0.003195008,30,20260715,ok
yellow2,yellow,Partial FFT+FEC,pfft,3,12500,12500,1,0,0,170,41,0.241176470588,0,0.00368376,0.00368376,30,20260715,ok
yellow2,yellow,JUNA-Lite,lite,3,12500,12500,1,0,0,170,41,0.241176470588,0,0.008912552,0.008912552,30,20260715,ok
yellow2,yellow,JUNA-Wz,full,3,12500,12500,1,0,0,170,40,0.235294117647,0,0.070163362,0.070163362,30,20260715,ok
yellow2,yellow,JUNA-WCz,coupled,3,12500,12500,1,0,0,170,39,0.229411764706,0,0.014136761,0.014136761,30,20260715,ok
yellow3,yellow,Standard OFDM,standard,3,12500,12500,1,0,0,170,52,0.305882352941,0,0.003111432,0.003111432,0,20260715,ok
yellow3,yellow,Partial FFT+FEC,pfft,3,12500,12500,1,0,0,170,73,0.429411764706,0,0.003664377,0.003664377,0,20260715,ok
yellow3,yellow,JUNA-Lite,lite,3,12500,12500,1,0,0,170,72,0.423529411765,0,0.011816998,0.011816998,0,20260715,ok
yellow3,yellow,JUNA-Wz,full,3,12500,12500,1,0,0,170,76,0.447058823529,0,0.072490662,0.072490662,0,20260715,ok
yellow3,yellow,JUNA-WCz,coupled,3,12500,12500,1,0,0,170,77,0.452941176471,0,0.012820711,0.012820711,0,20260715,ok
yellow3,yellow,Standard OFDM,standard,3,12500,12500,1,0,0,170,46,0.270588235294,0,0.00339508,0.00339508,5,20260715,ok
yellow3,yellow,Partial FFT+FEC,pfft,3,12500,12500,1,0,0,170,69,0.405882352941,0,0.00367361,0.00367361,5,20260715,ok
yellow3,yellow,JUNA-Lite,lite,3,12500,12500,1,0,0,170,69,0.405882352941,0,0.008666369,0.008666369,5,20260715,ok
yellow3,yellow,JUNA-Wz,full,3,12500,12500,1,0,0,170,75,0.441176470588,0,0.074818982,0.074818982,5,20260715,ok
yellow3,yellow,JUNA-WCz,coupled,3,12500,12500,1,0,0,170,75,0.441176470588,0,0.01326899,0.01326899,5,20260715,ok
yellow3,yellow,Standard OFDM,standard,3,12500,12500,1,0,0,170,42,0.247058823529,0,0.003030246,0.003030246,10,20260715,ok
yellow3,yellow,Partial FFT+FEC,pfft,3,12500,12500,1,0,0,170,65,0.382352941176,0,0.003021376,0.003021376,10,20260715,ok
yellow3,yellow,JUNA-Lite,lite,3,12500,12500,1,0,0,170,69,0.405882352941,0,0.013550675,0.013550675,10,20260715,ok
yellow3,yellow,JUNA-Wz,full,3,12500,12500,1,0,0,170,63,0.370588235294,0,0.07621274,0.07621274,10,20260715,ok
yellow3,yellow,JUNA-WCz,coupled,3,12500,12500,1,0,0,170,63,0.370588235294,0,0.013090841,0.013090841,10,20260715,ok
yellow3,yellow,Standard OFDM,standard,3,12500,12500,1,0,0,170,43,0.252941176471,0,0.004879544,0.004879544,15,20260715,ok
yellow3,yellow,Partial FFT+FEC,pfft,3,12500,12500,1,0,0,170,60,0.352941176471,0,0.003382336,0.003382336,15,20260715,ok
yellow3,yellow,JUNA-Lite,lite,3,12500,12500,1,0,0,170,55,0.323529411765,0,0.013234844,0.013234844,15,20260715,ok
yellow3,yellow,JUNA-Wz,full,3,12500,12500,1,0,0,170,65,0.382352941176,0,0.070939588,0.070939588,15,20260715,ok
yellow3,yellow,JUNA-WCz,coupled,3,12500,12500,1,0,0,170,65,0.382352941176,0,0.016187528,0.016187528,15,20260715,ok
yellow3,yellow,Standard OFDM,standard,3,12500,12500,1,0,0,170,38,0.223529411765,0,0.003197264,0.003197264,20,20260715,ok
yellow3,yellow,Partial FFT+FEC,pfft,3,12500,12500,1,0,0,170,58,0.341176470588,0,0.003833531,0.003833531,20,20260715,ok
yellow3,yellow,JUNA-Lite,lite,3,12500,12500,1,0,0,170,58,0.341176470588,0,0.008865213,0.008865213,20,20260715,ok
yellow3,yellow,JUNA-Wz,full,3,12500,12500,1,0,0,170,58,0.341176470588,0,0.085598404,0.085598404,20,20260715,ok
yellow3,yellow,JUNA-WCz,coupled,3,12500,12500,1,0,0,170,58,0.341176470588,0,0.013384451,0.013384451,20,20260715,ok
yellow3,yellow,Standard OFDM,standard,3,12500,12500,1,0,0,170,42,0.247058823529,0,0.003742009,0.003742009,25,20260715,ok
yellow3,yellow,Partial FFT+FEC,pfft,3,12500,12500,1,0,0,170,53,0.311764705882,0,0.003293985,0.003293985,25,20260715,ok
yellow3,yellow,JUNA-Lite,lite,3,12500,12500,1,0,0,170,53,0.311764705882,0,0.011446852,0.011446852,25,20260715,ok
yellow3,yellow,JUNA-Wz,full,3,12500,12500,1,0,0,170,51,0.3,0,0.076649773,0.076649773,25,20260715,ok
yellow3,yellow,JUNA-WCz,coupled,3,12500,12500,1,0,0,170,51,0.3,0,0.015296112,0.015296112,25,20260715,ok
yellow3,yellow,Standard OFDM,standard,3,12500,12500,1,0,0,170,49,0.288235294118,0,0.003211147,0.003211147,30,20260715,ok
yellow3,yellow,Partial FFT+FEC,pfft,3,12500,12500,1,0,0,170,57,0.335294117647,0,0.003023228,0.003023228,30,20260715,ok
yellow3,yellow,JUNA-Lite,lite,3,12500,12500,1,0,0,170,57,0.335294117647,0,0.012486334,0.012486334,30,20260715,ok
yellow3,yellow,JUNA-Wz,full,3,12500,12500,1,0,0,170,56,0.329411764706,0,0.07007534,0.07007534,30,20260715,ok
yellow3,yellow,JUNA-WCz,coupled,3,12500,12500,1,0,0,170,54,0.317647058824,0,0.014167374,0.014167374,30,20260715,ok
yellow4,yellow,Standard OFDM,standard,3,12500,12500,1,0,0,170,49,0.288235294118,0,0.003718221,0.003718221,0,20260715,ok
yellow4,yellow,Partial FFT+FEC,pfft,3,12500,12500,1,0,0,170,52,0.305882352941,0,0.003096971,0.003096971,0,20260715,ok
yellow4,yellow,JUNA-Lite,lite,3,12500,12500,1,0,0,170,52,0.305882352941,0,0.013731996,0.013731996,0,20260715,ok
yellow4,yellow,JUNA-Wz,full,3,12500,12500,1,0,0,170,58,0.341176470588,0,0.074679639,0.074679639,0,20260715,ok
yellow4,yellow,JUNA-WCz,coupled,3,12500,12500,1,0,0,170,58,0.341176470588,0,0.013081895,0.013081895,0,20260715,ok
yellow4,yellow,Standard OFDM,standard,3,12500,12500,1,0,0,170,41,0.241176470588,0,0.002978123,0.002978123,5,20260715,ok
yellow4,yellow,Partial FFT+FEC,pfft,3,12500,12500,1,0,0,170,38,0.223529411765,0,0.00302012,0.00302012,5,20260715,ok
yellow4,yellow,JUNA-Lite,lite,3,12500,12500,1,0,0,170,39,0.229411764706,0,0.012085297,0.012085297,5,20260715,ok
yellow4,yellow,JUNA-Wz,full,3,12500,12500,1,0,0,170,46,0.270588235294,0,0.097870512,0.097870512,5,20260715,ok
yellow4,yellow,JUNA-WCz,coupled,3,12500,12500,1,0,0,170,45,0.264705882353,0,0.013450064,0.013450064,5,20260715,ok
yellow4,yellow,Standard OFDM,standard,3,12500,12500,1,0,0,170,17,0.1,0,0.00460776,0.00460776,10,20260715,ok
yellow4,yellow,Partial FFT+FEC,pfft,3,12500,12500,1,0,0,170,35,0.205882352941,0,0.003418407,0.003418407,10,20260715,ok
yellow4,yellow,JUNA-Lite,lite,3,12500,12500,1,0,0,170,35,0.205882352941,0,0.011025436,0.011025436,10,20260715,ok
yellow4,yellow,JUNA-Wz,full,3,12500,12500,1,0,0,170,42,0.247058823529,0,0.07956055,0.07956055,10,20260715,ok
yellow4,yellow,JUNA-WCz,coupled,3,12500,12500,1,0,0,170,41,0.241176470588,0,0.013438114,0.013438114,10,20260715,ok
yellow4,yellow,Standard OFDM,standard,3,12500,12500,1,0,0,170,15,0.0882352941176,0,0.003170013,0.003170013,15,20260715,ok
yellow4,yellow,Partial FFT+FEC,pfft,3,12500,12500,1,0,0,170,16,0.0941176470588,0,0.003286763,0.003286763,15,20260715,ok
yellow4,yellow,JUNA-Lite,lite,3,12500,12500,1,0,0,170,17,0.1,0,0.013555892,0.013555892,15,20260715,ok
yellow4,yellow,JUNA-Wz,full,3,12500,12500,1,0,0,170,23,0.135294117647,0,0.076353732,0.076353732,15,20260715,ok
yellow4,yellow,JUNA-WCz,coupled,3,12500,12500,1,0,0,170,23,0.135294117647,0,0.014029529,0.014029529,15,20260715,ok
yellow4,yellow,Standard OFDM,standard,3,12500,12500,1,0,0,170,12,0.0705882352941,0,0.002967983,0.002967983,20,20260715,ok
yellow4,yellow,Partial FFT+FEC,pfft,3,12500,12500,1,0,0,170,23,0.135294117647,0,0.00298756,0.00298756,20,20260715,ok
yellow4,yellow,JUNA-Lite,lite,3,12500,12500,1,0,0,170,15,0.0882352941176,0,0.013940805,0.013940805,20,20260715,ok
yellow4,yellow,JUNA-Wz,full,3,12500,12500,1,0,0,170,31,0.182352941176,0,0.073498743,0.073498743,20,20260715,ok
yellow4,yellow,JUNA-WCz,coupled,3,12500,12500,1,0,0,170,31,0.182352941176,0,0.016561748,0.016561748,20,20260715,ok
yellow4,yellow,Standard OFDM,standard,3,12500,12500,1,0,0,170,12,0.0705882352941,0,0.00314648,0.00314648,25,20260715,ok
yellow4,yellow,Partial FFT+FEC,pfft,3,12500,12500,1,0,0,170,25,0.147058823529,0,0.003385046,0.003385046,25,20260715,ok
yellow4,yellow,JUNA-Lite,lite,3,12500,12500,1,0,0,170,20,0.117647058824,0,0.013299605,0.013299605,25,20260715,ok
yellow4,yellow,JUNA-Wz,full,3,12500,12500,1,0,0,170,30,0.176470588235,0,0.080811453,0.080811453,25,20260715,ok
yellow4,yellow,JUNA-WCz,coupled,3,12500,12500,1,0,0,170,28,0.164705882353,0,0.013563487,0.013563487,25,20260715,ok
yellow4,yellow,Standard OFDM,standard,3,12500,12500,1,0,0,170,16,0.0941176470588,0,0.003187438,0.003187438,30,20260715,ok
yellow4,yellow,Partial FFT+FEC,pfft,3,12500,12500,1,0,0,170,24,0.141176470588,0,0.00310826,0.00310826,30,20260715,ok
yellow4,yellow,JUNA-Lite,lite,3,12500,12500,1,0,0,170,17,0.1,0,0.012452234,0.012452234,30,20260715,ok
yellow4,yellow,JUNA-Wz,full,3,12500,12500,1,0,0,170,26,0.152941176471,0,0.073100242,0.073100242,30,20260715,ok
yellow4,yellow,JUNA-WCz,coupled,3,12500,12500,1,0,0,170,26,0.152941176471,0,0.013330053,0.013330053,30,20260715,ok
yellow5,yellow,Standard OFDM,standard,3,12500,12500,1,0,0,170,66,0.388235294118,0,0.002978645,0.002978645,0,20260715,ok
yellow5,yellow,Partial FFT+FEC,pfft,3,12500,12500,1,0,0,170,81,0.476470588235,0,0.00320963,0.00320963,0,20260715,ok
yellow5,yellow,JUNA-Lite,lite,3,12500,12500,1,0,0,170,73,0.429411764706,0,0.01645825,0.01645825,0,20260715,ok
yellow5,yellow,JUNA-Wz,full,3,12500,12500,1,0,0,170,81,0.476470588235,0,0.076847021,0.076847021,0,20260715,ok
yellow5,yellow,JUNA-WCz,coupled,3,12500,12500,1,0,0,170,80,0.470588235294,0,0.01591048,0.01591048,0,20260715,ok
yellow5,yellow,Standard OFDM,standard,3,12500,12500,1,0,0,170,60,0.352941176471,0,0.005119786,0.005119786,5,20260715,ok
yellow5,yellow,Partial FFT+FEC,pfft,3,12500,12500,1,0,0,170,79,0.464705882353,0,0.005251403,0.005251403,5,20260715,ok
yellow5,yellow,JUNA-Lite,lite,3,12500,12500,1,0,0,170,79,0.464705882353,0,0.010112481,0.010112481,5,20260715,ok
yellow5,yellow,JUNA-Wz,full,3,12500,12500,1,0,0,170,81,0.476470588235,0,0.073751307,0.073751307,5,20260715,ok
yellow5,yellow,JUNA-WCz,coupled,3,12500,12500,1,0,0,170,82,0.482352941176,0,0.015734725,0.015734725,5,20260715,ok
yellow5,yellow,Standard OFDM,standard,3,12500,12500,1,0,0,170,65,0.382352941176,0,0.004511497,0.004511497,10,20260715,ok
yellow5,yellow,Partial FFT+FEC,pfft,3,12500,12500,1,0,0,170,70,0.411764705882,0,0.005030629,0.005030629,10,20260715,ok
yellow5,yellow,JUNA-Lite,lite,3,12500,12500,1,0,0,170,66,0.388235294118,0,0.013154339,0.013154339,10,20260715,ok
yellow5,yellow,JUNA-Wz,full,3,12500,12500,1,0,0,170,66,0.388235294118,0,0.08371647,0.08371647,10,20260715,ok
yellow5,yellow,JUNA-WCz,coupled,3,12500,12500,1,0,0,170,66,0.388235294118,0,0.015337137,0.015337137,10,20260715,ok
yellow5,yellow,Standard OFDM,standard,3,12500,12500,1,0,0,170,56,0.329411764706,0,0.00507259,0.00507259,15,20260715,ok
yellow5,yellow,Partial FFT+FEC,pfft,3,12500,12500,1,0,0,170,67,0.394117647059,0,0.005674921,0.005674921,15,20260715,ok
yellow5,yellow,JUNA-Lite,lite,3,12500,12500,1,0,0,170,67,0.394117647059,0,0.020021501,0.020021501,15,20260715,ok
yellow5,yellow,JUNA-Wz,full,3,12500,12500,1,0,0,170,66,0.388235294118,0,0.105539752,0.105539752,15,20260715,ok
yellow5,yellow,JUNA-WCz,coupled,3,12500,12500,1,0,0,170,66,0.388235294118,0,0.013189435,0.013189435,15,20260715,ok
yellow5,yellow,Standard OFDM,standard,3,12500,12500,1,0,0,170,53,0.311764705882,0,0.004311891,0.004311891,20,20260715,ok
yellow5,yellow,Partial FFT+FEC,pfft,3,12500,12500,1,0,0,170,62,0.364705882353,0,0.004866747,0.004866747,20,20260715,ok
yellow5,yellow,JUNA-Lite,lite,3,12500,12500,1,0,0,170,68,0.4,0,0.01571706,0.01571706,20,20260715,ok
yellow5,yellow,JUNA-Wz,full,3,12500,12500,1,0,0,170,67,0.394117647059,0,0.073688065,0.073688065,20,20260715,ok
yellow5,yellow,JUNA-WCz,coupled,3,12500,12500,1,0,0,170,65,0.382352941176,0,0.014564984,0.014564984,20,20260715,ok
yellow5,yellow,Standard OFDM,standard,3,12500,12500,1,0,0,170,51,0.3,0,0.003855594,0.003855594,25,20260715,ok
yellow5,yellow,Partial FFT+FEC,pfft,3,12500,12500,1,0,0,170,62,0.364705882353,0,0.003667609,0.003667609,25,20260715,ok
yellow5,yellow,JUNA-Lite,lite,3,12500,12500,1,0,0,170,72,0.423529411765,0,0.012248457,0.012248457,25,20260715,ok
yellow5,yellow,JUNA-Wz,full,3,12500,12500,1,0,0,170,73,0.429411764706,0,0.079882823,0.079882823,25,20260715,ok
yellow5,yellow,JUNA-WCz,coupled,3,12500,12500,1,0,0,170,73,0.429411764706,0,0.012696582,0.012696582,25,20260715,ok
yellow5,yellow,Standard OFDM,standard,3,12500,12500,1,0,0,170,53,0.311764705882,0,0.003366669,0.003366669,30,20260715,ok
yellow5,yellow,Partial FFT+FEC,pfft,3,12500,12500,1,0,0,170,71,0.417647058824,0,0.00304969,0.00304969,30,20260715,ok
yellow5,yellow,JUNA-Lite,lite,3,12500,12500,1,0,0,170,71,0.417647058824,0,0.008876543,0.008876543,30,20260715,ok
yellow5,yellow,JUNA-Wz,full,3,12500,12500,1,0,0,170,74,0.435294117647,0,0.088024413,0.088024413,30,20260715,ok
yellow5,yellow,JUNA-WCz,coupled,3,12500,12500,1,0,0,170,75,0.441176470588,0,0.020194854,0.020194854,30,20260715,ok
yellow6,yellow,Standard OFDM,standard,3,12500,12500,1,0,0,170,48,0.282352941176,0,0.002978903,0.002978903,0,20260715,ok
yellow6,yellow,Partial FFT+FEC,pfft,3,12500,12500,1,0,0,170,67,0.394117647059,0,0.002909853,0.002909853,0,20260715,ok
yellow6,yellow,JUNA-Lite,lite,3,12500,12500,1,0,0,170,67,0.394117647059,0,0.009193504,0.009193504,0,20260715,ok
yellow6,yellow,JUNA-Wz,full,3,12500,12500,1,0,0,170,59,0.347058823529,0,0.070535122,0.070535122,0,20260715,ok
yellow6,yellow,JUNA-WCz,coupled,3,12500,12500,1,0,0,170,61,0.358823529412,0,0.013111393,0.013111393,0,20260715,ok
yellow6,yellow,Standard OFDM,standard,3,12500,12500,1,0,0,170,43,0.252941176471,0,0.003229832,0.003229832,5,20260715,ok
yellow6,yellow,Partial FFT+FEC,pfft,3,12500,12500,1,0,0,170,54,0.317647058824,0,0.003647323,0.003647323,5,20260715,ok
yellow6,yellow,JUNA-Lite,lite,3,12500,12500,1,0,0,170,54,0.317647058824,0,0.008990793,0.008990793,5,20260715,ok
yellow6,yellow,JUNA-Wz,full,3,12500,12500,1,0,0,170,57,0.335294117647,0,0.071244447,0.071244447,5,20260715,ok
yellow6,yellow,JUNA-WCz,coupled,3,12500,12500,1,0,0,170,57,0.335294117647,0,0.013035417,0.013035417,5,20260715,ok
yellow6,yellow,Standard OFDM,standard,3,12500,12500,1,0,0,170,34,0.2,0,0.004894664,0.004894664,10,20260715,ok
yellow6,yellow,Partial FFT+FEC,pfft,3,12500,12500,1,0,0,170,50,0.294117647059,0,0.003540929,0.003540929,10,20260715,ok
yellow6,yellow,JUNA-Lite,lite,3,12500,12500,1,0,0,170,50,0.294117647059,0,0.008520585,0.008520585,10,20260715,ok
yellow6,yellow,JUNA-Wz,full,3,12500,12500,1,0,0,170,57,0.335294117647,0,0.070121681,0.070121681,10,20260715,ok
yellow6,yellow,JUNA-WCz,coupled,3,12500,12500,1,0,0,170,55,0.323529411765,0,0.013033785,0.013033785,10,20260715,ok
yellow6,yellow,Standard OFDM,standard,3,12500,12500,1,0,0,170,35,0.205882352941,0,0.002986504,0.002986504,15,20260715,ok
yellow6,yellow,Partial FFT+FEC,pfft,3,12500,12500,1,0,0,170,57,0.335294117647,0,0.003008071,0.003008071,15,20260715,ok
yellow6,yellow,JUNA-Lite,lite,3,12500,12500,1,0,0,170,45,0.264705882353,0,0.012308724,0.012308724,15,20260715,ok
yellow6,yellow,JUNA-Wz,full,3,12500,12500,1,0,0,170,55,0.323529411765,0,0.074112477,0.074112477,15,20260715,ok
yellow6,yellow,JUNA-WCz,coupled,3,12500,12500,1,0,0,170,54,0.317647058824,0,0.013119929,0.013119929,15,20260715,ok
yellow6,yellow,Standard OFDM,standard,3,12500,12500,1,0,0,170,31,0.182352941176,0,0.002995723,0.002995723,20,20260715,ok
yellow6,yellow,Partial FFT+FEC,pfft,3,12500,12500,1,0,0,170,59,0.347058823529,0,0.003004968,0.003004968,20,20260715,ok
yellow6,yellow,JUNA-Lite,lite,3,12500,12500,1,0,0,170,59,0.347058823529,0,0.009265333,0.009265333,20,20260715,ok
yellow6,yellow,JUNA-Wz,full,3,12500,12500,1,0,0,170,59,0.347058823529,0,0.071994742,0.071994742,20,20260715,ok
yellow6,yellow,JUNA-WCz,coupled,3,12500,12500,1,0,0,170,59,0.347058823529,0,0.016050408,0.016050408,20,20260715,ok
yellow6,yellow,Standard OFDM,standard,3,12500,12500,1,0,0,170,25,0.147058823529,0,0.003215734,0.003215734,25,20260715,ok
yellow6,yellow,Partial FFT+FEC,pfft,3,12500,12500,1,0,0,170,61,0.358823529412,0,0.003292478,0.003292478,25,20260715,ok
yellow6,yellow,JUNA-Lite,lite,3,12500,12500,1,0,0,170,49,0.288235294118,0,0.011967237,0.011967237,25,20260715,ok
yellow6,yellow,JUNA-Wz,full,3,12500,12500,1,0,0,170,62,0.364705882353,0,0.073849655,0.073849655,25,20260715,ok
yellow6,yellow,JUNA-WCz,coupled,3,12500,12500,1,0,0,170,60,0.352941176471,0,0.014789398,0.014789398,25,20260715,ok
yellow6,yellow,Standard OFDM,standard,3,12500,12500,1,0,0,170,34,0.2,0,0.003430099,0.003430099,30,20260715,ok
yellow6,yellow,Partial FFT+FEC,pfft,3,12500,12500,1,0,0,170,59,0.347058823529,0,0.003129665,0.003129665,30,20260715,ok
yellow6,yellow,JUNA-Lite,lite,3,12500,12500,1,0,0,170,59,0.347058823529,0,0.008680007,0.008680007,30,20260715,ok
yellow6,yellow,JUNA-Wz,full,3,12500,12500,1,0,0,170,64,0.376470588235,0,0.074316259,0.074316259,30,20260715,ok
yellow6,yellow,JUNA-WCz,coupled,3,12500,12500,1,0,0,170,64,0.376470588235,0,0.013371729,0.013371729,30,20260715,ok
